platform,source,content,category,scraped_at
News,https://www.bbc.com/somali/articles/c5yvn0zp3qlo,"Maxaa ka dhex jira Ronaldo iyo naadigiisa Al Nassr?
Xigashada Sawirka, Getty Images
Mustaqbalka Cristiano Ronaldo ee kooxda Al-Nassr ayaa galay hubanti la'aan kadib markii aanu ka soo muuqan liiska ciyaartoyda kooxda ee kulankii Isniinta ee horyaalka Saudi Pro League ay la ciyaareen Al-Riyadh.
Warbaahinta Portugal ee A Bola ayaa sheegtay in xiddigan 40-jirka ah uu diiday in uu ciyaaro, kadib markii uu ku qanci waayay habka uu Sanduuqa Maalgashiga Dadweynaha ee Sacuudiga (PIF) u maamulayo kooxda.
Labada kooxood ee Al-Nassr iyo Al-Hilal — oo ah kooxda ugu guulaha badan dalka kuwaas oo kala haysata 19 koob oo horyaal ah — ayaa ka mid ah kooxaha uu maamulo PIF, kaas oo sidoo kale taageero maalgelineed siiya kooxda reer Ingiriis Newcastle United.
Ronaldo ayaa ku biiray Al-Nassr sanadkii 2022 kadib markii uu ka tagay Manchester United bartamihii xilli-ciyaareedka, isagoo noqday ciyaaryahanka ugu mushaharka badan taariikhda kubadda cagta, mushahar sannadle ah oo gaaraya £177 milyan. Si kastaba ha ahaatee, hal koob oo kaliya ayuu kula guuleystay kooxda, kaas oo ah Arab Club Champions Cup.
Xiddiga ku guuleystay Ballon d'Or shan jeer ayaa saxiixay qandaraas cusub oo laba sano ah bishii Juun 2025.
Ka hor inta uusan oggolaan qandaraaska cusub, waxaa jiray warar sheegaya inuu ka tagi karo Al-Nassr, iyadoo amaah loogu wareejinayo kooxda ay xafiiltamaan ee Al-Hilal ay ka mid ahayd xulashooyinka la hadal-hayay.
BBC Sport ayaa sidoo kale heshay xog sheegaysa in dadaalka Al-Hilal ay ku doonayeen Karim Benzema uu ahaa sababta ugu weyn ee niyad-jabka Ronaldo ee Al-Nassr.
Weeraryahankii hore ee Faransiiska, kana soo ciyaaray Real Madrid isla markaana ay Ronaldo hore saaxiibo u ahaayeen, Benzema ayaa ku biiray Al-Hilal isagoo ka yimid Al-Ittihad dabayaaqadii Isniinta kadib markii qandaraaskiisa la burburiyay. Ciyaaryahanka 38-jir ah ayaa tababar kaligiis qaadanayay kadib markii uu khilaaf kala dhex galay maamulka Al-Ittihad oo ku saabsanaa kordhinta qandaraaska.
""Waa qof tartan jecel, mana jecla in kooxaha kale ay sii xoogaystaan,"" ayuu yidhi ilo xog-ogaal u ah xaaladda ka jirta Al-Nassr.
Horumarkan ugu dambeeyay ee Riyadh ayaa hubaal sii hurin doona xan iyo warar kale — haddaba maxaa khaldamay ee ku dhacay Ronaldo iyo Al-Nassr?
Warbixinada qotada dheer iyo wararka BBC Somali oo toos kuugu imanaaya WhatsApp.
Ronaldo ayaa ahaa mid goolal badan dhaliya tan iyo markii uu ku biiray Al-Nassr, isagaoo dhaliyay 14 gool xilli-ciyaareedkii 2022-23 ee Saudi Pro League, inkastoo uu ku biiray bartamihii xilli-ciyaareedka.
Kabtanka Portugal ayaa noqday gooldhaliyaha ugu sarreeya horyaalka labadii xilli ee ugu dambeeyay, isagoo dhaliyay 35 iyo 25 gool.
Kadib markii loo doortay Ciyaaryahanka Ugu Fiican Bariga Dhexe ee Abaal-marinta Globe Soccer Awards bishii Diseembar, Ronaldo wuxuu yiri:
Waxaan rabaa inaan ku guuleysto koobab, waxaanan rabaa inaan gaaro tiradaas [1,000 gool]. Waan gaadhi doonaa hubaal, haddii aanan dhaawacmin.""
Jimcihii ayuu dhaliyay goolkiisii 17-aad ee xilli-ciyaareedka kulankii Al-Kholood, taasoo ka dhigtay inuu gaaro 961 gool oo xirfaddiisa ah — 39 gool ayaa u haray bartilmaameedkiisa.
Hase yeeshee, koobabkii ayaa ku yaraaday Ronaldo.
Al-Nassr ayaa kaalinta labaad kaga dhammaatay horyaalka labadii xilli ee ugu horreeyay ee uu joogay, ka hor inta aysan xilli-ciyaareedkii hore ku dhammaysan kaalinta saddexaad, iyaga oo 13 dhibcood ka dambeeyay horyaalka Al-Ittihad.
Sidoo kale, Al-Nassr waxaa lagu garaacay final-ka King's Cup — tartanka koobka gudaha — xilli-ciyaareedkii 2023-24, markaas oo Al-Hilal ay kaga adkaadeen rigooreyaal.
Xilli-ciyaareedkii hore, Al-Nassr waxaa ka reebay semi-finalka Asian Champions League Elite kooxda Japan ee Kawasaki Frontale, halka xilli-ciyaareedkan ay kaliya u soo baxeen tartanka heerka labaad ee Asian Champions League Two.
Dhanka kale, kooxda ay xafiiltamaan ee Al-Ahli ayaa noqotay horyaalka Aasiya sanadkii hore, iyadoo haysata ciyaartoy ay ka mid yihiin Riyad Mahrez, Roberto Firmino iyo Ivan Toney.
Ciyaaryahanka ku guuleystay Champions League shan jeer, koobkiisa kaliya ee uu Al-Nassr la qaaday weli waa Arab Club Champions Cup ee 2023.
Xaladaha niyad jabka keenay waxaa ka mid ah, Ronaldo wuxuu arkay saaxiibadiisii hore ee Real Madrid Karim Benzema, iyo xulka Portugal Ruben Neves, oo ku guuleystay horyaalka Sacuudiga intii uu isagu halkaas joogay.
Al-Nassr waxay ka mid tahay afarta kooxood ee waaweyn ee Sacuudiga, kuwaas oo kala ah Al-Hilal, Al-Ahli iyo Al-Ittihad — dhammaantoodna si weyn ayay u maalgelinayeen tan iyo markii Sanduuqa Maalgashiga Dadweynaha (PIF) uu la wareegay sannadkii 2023.
Kooxaha Sacuudiga ayaa qiyaastii £700 milyan ku bixiyay suuqa kala iibsiga xagaagii 2023, iyadoo Neymar uu ugu biiray Al-Hilal £77.6 milyan, taas oo ahayd heshiiskii ugu weynaa ee xilligaas.
Al-Hilal ayaa sidoo kale la saxiixatay Aleksandar Mitrovic iyo Ruben Neves oo ka kala yimid Fulham iyo Wolves, halka Al-Nassr ay keensatay Alex Telles (Manchester United), Aymeric Laporte (Manchester City), Sadio Mané (Bayern Munich) iyo Marcelo Brozovic (Inter Milan).
Dhanka kale, Al-Ahli waxay la wareegtay Riyad Mahrez (Manchester City), Edouard Mendy (Chelsea) iyo Roberto Firmino (Liverpool), halka Al-Ittihad ay heshay N'Golo Kanté (Chelsea), Fabinho (Liverpool) iyo Jota (Celtic), iyo ciyaartoy kale oo badan.
Si kastaba ha ahaatee, inkastoo Al-Ahli, Al-Ittihad iyo Al-Hilal ay dhammaantood ku guuleysteen koobab waaweyn, Al-Nassr kuma aysan guuleysan weli wax koobab ah oo waaweyn.
© 2026 BBC. BBC masuul kama ahan macluumadka bogagga kale ee dibadda. Akhri xogta ku saabsan sida aan u abaarno bogagga dibadda.",crime-related,2026-03-05 11:58:25
News,https://www.bbc.com/somali/articles/ce8w3125kd1o,"Maxay tahay magaalada Elon Musk ee 'iskeed isku maamusha', taas oo uu qorsheynayo in uu ka dhiso dayaxa?
Xigashada Sawirka, Getty Images
'Magaalo iskeed isku maamusho oo dayaxa laga dul dhiso ayaa la filayaa in muddo ka yar 10 sano laga sameeyo sida uu sheegay Elon Musk.
Madaxa shirkadaha X, Tesla iyo SpaceX, isla markaana ah qofka ugu taajirsan dunida ayaa qoraal uu ku daabacay bartiisa X oo la aqriyay in ka badan 40 milyan oo jeer ku sheegay in SpaceX ay diiradda saartay in ay dayaxa dushiisa magaalo ka dhisto halkii markii hore qorshahu ahaa in ay ka dhisto xidigga Mars.
Laakiin maxaa keenay in Musk beddelo fikirkiisa? Maxaase laga ogyahay magaaladan ""iskeed isku maamuleysa"" ee laga dhisayo dayaxa?
Ma jiro weli qorshe rasmi ah oo faahfaahsan oo leh naqshado dhisme oo dhammaystiran oo ku saabsan magaaladan, balse waa aragti uu Musk dadka kula wadaagay bartiisa X.
Wuxuu sheegay in la dhisi doono deegaan si tartiib tartiib ah u ballaaran kara iyadoo la adeegsanayo khayraadka dayaxa.
Qoraalkiisa ayuu Musk ku sheegay in tani lagu gaari karo ""wax ka yar 10 sano, halka Mars ay qaadaneyso 20 sano ama wax ka badan"".
Musk wuxuu sheegay in safar loo aadi karo oo kaliya Mars marka ""meerayaashu is-waafaqaan 26-kii biloodba mar.
""Tani waxay ka dhigan tahay in aan si ka dhakhso badan ku dhameyn karno dhismaha magaalo laga sameeyo dayaxa marka loo eego magaalo laga dhiso Mars ah.""
Si kastaba ha ahaatee, SpaceX wuxuu weli hiigsanaysaa dhisidda magaalo ku taalla Mars, wuxuuna ku qoray X in ay ""bilaabi doonaan arrintaas shan ilaa toddoba sano gudahood"".
Taageerayaasha Musk ayaa si degdeg ah u sameeyey una wadaagay sawirro iyo naqshado muujinaya sida ay u ekaan karto magaalo dayaxa ku taal, qaarna waxay adeegsadeen AI in ay ku sameeyaan magaalada laga dhisayo dayaxa.
Isbeddelkan wuxuu ka duwan yahay qorshihii Musk ee Mars. Sanadkii hore ayuu sheegay in shirkaddu qorshaynayso in ay dirto dayaxgacmeed tagaya Mars ah oo aan dad wadin dhammaadka sanadkan 2026.
Warbixinada qotada dheer iyo wararka BBC Somali oo toos kuugu imanaaya WhatsApp.
Dr Sungwoo Lim, oo bare sare ka ah jaamacad ku taal UK kuna takhasusay adeegsiga iyo sahaminta hawada sare, ayaa ku tilmaamay qorshaha SpaceX ee deegaan looga sameynayo dayaxa mid ""la rajeyn karo"", oo aan ahayn ""khayaali"".
""Fikradda aasaasiga ah waxay tahay isticmaalka ciidda dayaxa si loo soo saaro oksijiin, biyo iyo qalab dhisme, taasna waxaa lagu gaari karaa habab warshadeedka ee aynu hore ugu adeegsanay dhulka. Aragti ahaan waa suurtagal,"" ayuu yiri Dr Sungwoo Lim.
Caqabadda ayuu sheegay in ay tahay sidii loo hubin lahaa nidaamyadaasi in ay si kalsooni leh uga shaqayn karaan jawiga adag ee dayaxa sida heerkul aadka u daran, cufis-jiid hooseeya iyo tamarta xaddidan.
Haddii nidaamka gantaalladeeda cusub ee dira dayaxgacmedka uu u shaqeeyo sidii la qorsheeyey, waxay si joogto ah oo jaban qalab ugu diri karaan dayaxa, taas oo dedejin karta horumarka.
Dr Ugur Guven, oo ah agaasimaha Xarunta Daraasaadka Hawada Sare iyo Tamarta ee jaamacad ku taal Hindiya, ayaa sheegay in Dayaxu leeyahay faa'iido weyn marka la eego deegaameynta dadka, sahay degdeg ah iyo gurmad fudud.
""Haddii wax qaldamaan, si fudud ayaad u diri kartaa hawlgal kale isla markiiba,"" ayuu yiri, isaga oo xusay in safarka dhulka ilaa dayaxa uu qaato laba ilaa saddex maalmood.
Si kastaba ha ahaate, Dr Lim wuxuu sheegay in ""magaalo laga dhiso dayax oo isku filan"" in ay weli tahay wax la rajeeyo mustaqbalka.
Dr Lim wuxuu rumaysan yahay in ay ""macquul tahay"" in saldhig yar oo dayaxa ku yaalla uu 10 sano gudahood bilaabi karo soo saaridda oksijiin u gaar ah, iyo biyo. ""Taasi waxay noqoneysaa horumar weyn,"" ayuu yiri.
Khabiir hore uga tirsanaa NASA ayaa isna sheegay in hadda la maareyn karo sahayda saldhig dayaxa ku yaal haddii shirkadaha sida SpaceX iyo Blue Origin ay si guul leh u horumariyaan gaadiidka ku dega dayaxa.
Si kastaba ha ahaatee, waayo-aragnimada laga helayo dhisidda deegaan laga sameeyo dayax oo waara ayaa mustaqbalka loo adeegsan karaa saldhig laga sameeyo Mars.
Hadallada Musk waxay imanayaan xilli Maraykanku wajahayo tartan sii kordhaya oo kaga imanaya Shiinaha si bani'aadamka u dego dayaxa tobanka sano ee soo socda. Qofna cag ma saarin dusha dayaxa tan iyo hawlgalkii Apollo ee NASA sanadkii 1972.
Musk ayaa dhawaan sheegay in SpaceX uu la wareegay shirkad AI ah oo uu isagu hoggaamiyo.
Musk oo ah saamileyda ugu weyn ee SpaceX ayaa dib u habayn ku samaynaya ganacsiyadiisa isaga oo isu diyaarinaya suurtagalnimada in SpaceX lagu daro suuqa saamiyada. Marka lagu daro liiska suuqa saamiyada waxa uu helayaa ilaa $50 bilyan.
Bishii hore, Musk wuxuu shaaciyey qorshe hawada sare loogu dhisayo hal milyan oo ah xarumo lagu keydiyo xogta si loo daboolo baahida sii kordhaysa ee garaadka macmalka (AI).
Khubarada qaar ayaa ka shakisan arrintan, iyaga oo ka hadlay caqabadda ka dhalan kara qaboojinta qalabka kombayuutarada ee doorka weyn ku leh hawlaha AI-da, maadaama hawada sare aanay lahayn qabowga qalabkaas u baahan yahay.
SpaceX waa qandaraaslaha muhiim u ah NASA, kaas oo u qaabilsan in uu hawada u geeyo cirbixiyeenada kana keeno.
© 2026 BBC. BBC masuul kama ahan macluumadka bogagga kale ee dibadda. Akhri xogta ku saabsan sida aan u abaarno bogagga dibadda.",crime-related,2026-03-05 11:58:31
News,https://www.bbc.com/somali/articles/c8d578q4g5jo,"Itoobiya ma waxay dib ugu laabaneysaa dagaal kale oo ka qarxa gudaheeda?
Xigashada Sawirka, AFP via Getty Images
Cabsida laga qabo in dagaal dib uga qarxo waqooyiga Itoobiya ayaa dad badan ku qasbaya in ay ka baxaan gobolka Tigray, saddex sano kadib markii uu dhammaaday dagaalkii sokeeye ee halkaas ka dhacay intii u dhexeysey 2020 illaa 2022.
""Qofkii awooda wuu duulaa, kii aan awoodinna bas ayuu raacaa,"" ayuu qof ku sugan magaalada Mekelle u sheegay BBC-da, isagoo intaas ku daray in tiro badan oo dhallinyaro ah ay u jiheysteen dhanka caasimadda Addis Ababa.
Qiimaha badeecooyinka ayaa si xawli ah u kacaya maadaama dadku kaydsanayaan waxyaabaha daruuriga ah, halka bangiyaduna ay xaddideen lacagta lala bixi karo maalin kasta oo ku dhow 2,000 birr ($13) qofkiiba, kadib markii bangiyada lagu qamaamay.
Gabaabsiga lacagta caddaanka ah ayaa dadka dib u xusuusinaysa dagaalkii qaraaraa ee labada sano socdey, kaas oo dhammaaday Noofambar 2022, waxayna dadka doonaya inay sameeyaan lacag wareejin waaweyn badanaa ay ku khasbanaadaan in ay bixiyaan kharash dheeri ah si ay hab danabeysan ugu diraan.
Dagaalkii sokeeye ee u dhexeeyay dowladda Itoobiya iyo Jabhadda Xoreynta Shacabka Tigray (TPLF) ayaa sababay dhimashada qiyaastii 600,000 oo qof, sida uu sheegay wakiil ka socday Midowga Afrika (AU), wuxuuna gobolka ku sigtay macluul daran.
Soo dhaweyn iyo farxad weyn ayaa lagu qaabilay heshiiskii uu Midowga Afrika dhex-dhexaadiyey bishii Noofambar 2022.
Kadib markii heshiiska lagu saxiixay caasimadda Koonfur Afrika ee Pretoria, rasaastii waa la joojiyay, adeegyada aasaasiga ahna waa la soo celiyay, nolosha gobolkuna caadi ayey ku soo noqotay.
Si kastaba ha ahaatee, walaac ayaa markiiba ka dhashay maqnaanshaha laba ka mid ah dhinacyadii dagaalamayey xilligii saxiixa:
• Eritrea, oo Tigray kaga beegan waqooyi, ciidamadeeduna ay ka feer dagaallameen ciidanka Itoobiya si ay u xakameeyaan gobolka.
• Amxaaro, oo Tigray kaga beegan galbeed, dagaalyahannadeeduna ay dhinaca ciidanka Itoobiya ka barbar dagaallameen. Toddobaadyadii hore ee dagaalka waxay la wareegeen dhul ku yaalla galbeedka Tigray oo hodan ku ah beeraha, kaas oo weli muran ka taagan yahay.
Tan iyo markaas, waxaa khilaaf dhex maray dowladda Itoobiya iyo xulafadeedii hore ee Eritrea iyo maleeshiyaadkii hubaysnaa ee Amxaarada. Dowladda ayaa sidoo kale khilaaf kala dhexeeyaa TPLF, maadaama aan weli xal laga gaarin mustaqbalka dhulalka lagu muransan yahay ee Tigray, halkaas oo ay weli haystaan ciidamada Amxaaro.
Arrimahan oo dhan waxay abuureen kalsooni darro baahsan, waxayna keeneen in heshiiskii Pretoria si degdeg ah u wiiqmo.
Warbixinada qotada dheer iyo wararka BBC Somali oo toos kuugu imanaaya WhatsApp.
Warar ayaa sheegaya in ciidamo la abaabulayo waqooyiga Itoobiya, halka Qaramada Midoobayna ay ku tilmaantay xaaladda gobolka mid ""aad u kacsan"".
Dhammaadkii Jannaayo, iska horimaadyo kooban ayaa la soo sheegay in ay dhex mareen ciidamada federaalka iyo dagaalyahannada Tigray, kuwaas oo ku baaqaya in dib loogu soo celiyo dhulalka weli gacanta Amxaaro ku jira.
Duqeymo ay fuliyeen diyaarado aan duuliye lahayn ayaa ka dhacay gobolka, duulimaadyadii tegi jirey magaalooyinka Tigray-na waa la joojiyey ku dhowaad toddobaad.
Itoobiya ayaa sidoo kale Eritrea ku eedaysay inay faragelin ku hayso arrimaha gudaha, iyadoo taageeraysa ciidamada Tigray — arrintaas oo ay Eritrea beenisay. Mas'uuliyiinta Addis Ababa-na waxay u arkaan isu soo dhowaanshaha TPLF iyo Asmara mid khatar ku ah ammaankeeda.
Bishii Oktoobar ee la soo dhaafay, wasiirka arrimaha dibadda ee Itoobiya ayaa warqad u qoray xoghayaha guud ee Qaramada Midoobay, isagoo ku eedeeyay Eritrea in ay isbahaysi la sameysay ""garabka xagjirka ah ee TPLF"" si ay ""dagaal ugu qaaddo"" Itoobiya.
Toddobaadkii hore, hoggaamiyaha TPLF Debretsion Gebremicheal ayaa sheegay in dagaal uu ""daruur dagaal ay dul hoganeyso"" Tigray, ayna dadka ""ku khasbanaan doonaan in ay iska caabiyaan gardarro kasta si ay u sii jiraan"".
Jabhadda TPLF waxay doonayaan in dib loogu soo celiyo dhulalkii ay ku waayeen dagaalka, sida galbeedka Tigray.
Ku dhowaad hal milyan oo qof ayaa ka qaxay aaggaas intii uu socday dagaalku, waxayna ku nool yihiin xeryo ku-meel-gaar ah oo ku yaalla Tigray oo xaaladoodu liidato. Ilaa haddana uma suuragelin in ay dib ugu laabtaan guryahoodii.
Go'aan ay guddiga doorashooyinka qaateen toddobaadkan, oo dhigaya in bisha Juun dhulalka lagu muransan yahay ay si madax-bannaan u codeeyaan — halkii ay ka hoos iman lahaayeen Amxaaro ama Tigray — ayaa sii kiciyay caro badan oo ka jirta Tigray.
TPLF oo intii uu socday dagaalku lagu daray liiska argagixisada, waxay sidoo kale doonaysaa in dib loogu soo celiyo aqoonsigeeda sharci ee xisbi siyaasadeed.
Hase yeeshee, arrintaas waxaa hareeyay khilaafyo, waxaana guddiga doorashooyinka dhawaan kala noqday ruqsaddii TPLF, taas oo ka dhigaysa in aysan ka qayb geli karin doorashooyinka soo socda.
Gudaha TPLF lafteeda ayaa kala qaybsanaan ka dhacday, iyadoo xubno ka mid ahi ay sameysteen xisbi cusub, taas oo sii adkaysay xaaladda horeba u cakirnayd.
Xisbiga TPLF ayaa labaatan sano si weyn ugu talinayay siyaasadda Itoobiya ilaa uu Abiy Ahmed noqday ra'iisul wasaare 2018, kuna dhawaaqay xisbi cusub oo hoggaamiyeyaasha TPLF ay diideen inay ku biiraan.
Taageerayaasha Abiy waxay xubnaha TPLF ku tilmaamaan ""garab macangag ah"", iyagoo ku eedeynaya in ay ku guuldareysteen fulinta heshiiska nabadda islamarkaana ay isku dhowaadeen Eritrea — taas oo beddeshay oo si weyn xulafadii gobolka marka loo eego xaaladdii 2020.
Labada dal ee dariska ah waxay lahaayeen xiriir soo raynaya — mar saaxiibo ah, marna cadow ah.
Eritrea waxay si rasmi ah uga go'day Itoobiya 1993, balse markii dambe waxaa dhex maray dagaal xuduudeed oo dhiig badan ku daatay.
Abiy Axmed ayaa xitaa ku guuleystay Abaalmarinta Nabadda ee Nobel 2019, kadib markii uu soo afjaray ismari-waa 20 sano socday oo u dhexeeyay labada dal.
Si kastaba ha ahaatee, xiriirkii wanaagsanaa ee la dhidbay intii uu socday dagaalka Tigray ayaa isu beddelay hadallo kulul oo ku saabsan Badda Cas.
Itoobiya oo ah dalka ugu dadka badan dunida ee aan bad lahayn, waxay lumisay dekedihii Badda Cas markii Eritrea xornimada qaadatay, taas oo la tagtay xeeb dhan 1,350km.
Arrintan Abiy wuxuu u arkaa mid halis ku ah jiritaan Itoobiya, wuxuuna kabaha u gashaday sidii Itoobiya u yeelan lahayd dekedda koonfurta Eritrea ku taal ee Cassab — oo qiyaastii 60km u jirta xadka — isagoo xitaa tilmaamay suurtagalnimada in uu xoog ku qaato.
""Badda Cas iyo Itoobiya weligood ma kala go'i karaan,"" ayuu Abiy ku sheegay khudbad uu dhowaan ka jeediyay baarlamaanka.
Kacdoon heerkiisu hooseeyo ayaa ka socdey deegaanka Amxaarada tan iyo 2023, kaas oo la xiriira caro ka dhalatay in kaalintii ay gobolkaasi ku taageereen dowladda intii uu socday dagaalka Tigray balse aan si habboon looga garwaaqsan.
Dagaalyahannada halkaas ka jira waxay doonayaan in galbeedka Tigray si rasmi ah loogu daro Amxaarada.
Itoobiya ayaa sidoo kale Eritrea ku eedaysay in ay ku lug leedahay kacdoonkaas — arrintaas oo ay Eritrea mar kale beenisay.
Bishii Janaayo, ciidamada amniga federaalka ee gobolka Amxaaro ayaa sheegay in ay qabteen 50,000 oo xabbo oo rasaas ah oo ay ku eedeeyeen in Eritrea u dirtay maleeshiyaad ka soo horjeeda dowladda.
Daqarradii iyo xanuunkii dagaalkii hore weli way ka muuqdaan Tigray. Kaabayaashii burburay badankood dib looma dhisin, dhaqaalaha gobolkuna si buuxda uma soo kaban.
Shaqo la'aanta joogtada ah ayaa ku riixaysa dhallinyaro badan in ay maraan waddooyin tahriib oo khatar ah si ay fursado uga raadsadaan Yurub iyo Bariga Dhexe.
Haddii dagaal buuxa uu mar kale ka dhex qarxo ciidanka Itoobiya iyo TPLF, ama Itoobiya iyo Eritrea, Tigray ayaa u badan in ay noqoto goobta ugu weyn ee dagaalka — taas oo mar kale burburin doonta gobolka.
Sidoo kale waxay khalkhal gelin kartaa Geeska Afrika oo dhan.
Suudaan oo dhanka galbeed deris kala ah Itoobiya, ayaa horeyba u wajahaysa rabshado ba'an oo sababay mid ka mid ah qalalaasaha bini'aadantinimo ee ugu xun dunida.
""Dagaal kasta oo dhex mara Itoobiya iyo Eritrea oo ku lug leh Tigray iyo dhinacyo kale oo gudaha Itoobiya ah, aad bay u suurtagal tahay in uu ku xirmo Suudaan. Labada colaadoodna way isku milmi karaan,"" ayuu yiri Michael Woldemariam oo ah khabiir xiriirka caalamiga ah ee fadhigiisu yahay Maraykanka oo BBC-da u warramay.
Cadaadis diblomaasiyadeed oo badanaa ka imaanayey Maraykanka, ayaa loo arkayey furaha heshiiskii nabadda ee 2022.
Dalalka Khaliijka ayaa hadda si weyn ugu lug leh gobolka, sidaas darteed cadaadis ka yimaada iyaguna wuxuu ka baajin karaa colaado kale oo halis ah.
Isutagga Imaaraadka Carabta (UAE) ayaa la sheegay inuu xiriir dhow la leeyahay Addis Ababa, halka Sacuudi Carabiya la rumeysan yahay in ay ka dhowdahay Casmara.
Si kastaba ha ahaatee, Michael rajo badan ma qabo.
Wuxuu tilmaamay in markaan ""Midowga Afrika uusan haysan awooddii saameynta lahayd"", Maraykankuna uu ku mashquulsan yahay arrimo kale, halka dalalka Khaliijkuna ay kala aragti duwan yihiin.
© 2026 BBC. BBC masuul kama ahan macluumadka bogagga kale ee dibadda. Akhri xogta ku saabsan sida aan u abaarno bogagga dibadda.",crime-related,2026-03-05 11:58:35
News,https://www.bbc.com/somali/articles/cwy825xnw0lo,"Mikel Arteta: ""Maalmihii wacnaa way soo socdaan""
Xigashada Sawirka, Getty Images
Tababaraha Arsenal, Mikel Arteta, ayaa sheegay in uu kulan la yeeshay ciyaartoydiisa kaddib guuldarradii ka soo gaartay Manchester United si uu u ""dejiyo xamaasadda"", isaga oo ballanqaaday in waxyaabo qurux badan ay weli soo socdaan.
Guuldarradii 3–2 ahayd ee ay Arsenal Axaddii kala kulantay United waxay noqotay guuldarradii ugu horreysay ee ay garoonkooda ku lumiyaan xilli ciyaareedkan, islamarkaana waxa ay ahayd tii saddexaad oo kaliya ee ay ku lumiyaan Horyaalka Premier League kaddib 23 kulan.
Gunners waxay weli afar dhibcood ka horraysaa Manchester City iyo Aston Villa, balse ma aysan gaadhin wax guul ah saddexdii kulan ee ugu dambeeyay ee horyaalka, kaddib barbaro ay la galeen Nottingham Forest iyo Liverpool.
Si kastaba ha ahaatee, Arteta wuxuu sheegay in falcelintii kulanka kooxda ay ahayd mid ""aad u wanaagsan"", islamarkaana uu aaminsan yahay in taasi ay muujinayso rajo wanaagsan oo ku aaddan guulaha inta ka hadhsan xilli ciyaareedka.
""Waxaan qaadannay waqti aan ku dejinno xamaasadda oo aan sammaynno fiiro dheeraad ah, annagoo is weydiinayna laba su'aalood: tan koowaad waa, sidee ayaan dareemaynaa? Tan labaadna waa, sidee ayaan u wajahaynaa afarta bilood ee soo socda?""
""Waxay ahayd mid aad u dhiirrigelin badan oo qurux badan, sababtoo ah wixii ka soo baxay kulankaas waxay ahaayeen wax aad u fudud.""
Tababaraha Arsenal ayaa farriintan ka jeediyay shir jaraa'id oo uu qabtay ka hor kulanka ay garoonkooda kula ciyaarayaan Kairat ee Champions League, kaas oo dhacaya Arbacada.
Arsenal waxay hoggaanka u hayaan tartanka Yurub, iyagoo guulaystay 7 kulan, halka martidooda ka imanaya Kazakhstan ay ku jiraan kaalinta ugu hooseysa ee group-ka.
Arteta wuxuu sheegay in uu kulammo la yeesho kooxdiisa ""saddex ilaa afar jeer toddobaad kasta"", wuxuuna tilmaamay in kulankii ugu dambeeyay uu ahaa si ciyaartoydu ""u fahmaan meesha aan joogno"" iyo si loo hubiyo in ay ""ku raaxaystaan kalsooni buuxda, iyagoo og in guushu dhici doonto, maxaa yeelay waa waqtigeenna oo runtii waan dooneynaa.""
Arsenal waxay saddex xilli ciyaareed oo isku xigta ku dhamaatay kaalinta labaad ee Premier League.
Gunners ma aysan qaadin koob tan iyo markii ay qaadday FA Cup 2020, taas oo ahayd xilli ciyaareedkii ugu horreeyay ee Arteta uu hogaamiyo kooxda.
Warbixinada qotada dheer iyo wararka BBC Somali oo toos kuugu imanaaya WhatsApp.
Arteta wuxuu sheegay in cadaadis ka yimid dhinaca dibadda kooxda aanu sabab u noqon kulankaas.
Taa beddelkeeda, wuxuu u arkay waqti ku habboon in la qiimeeyo xaaladda kooxda kaddib jadwal ""adag oo mashquul badan"". Ka hor guuldarradii United, Arsenal waxay ciyaartay afar kulan oo ay ku dheeshay bannaanka gurigeeda oo isku xiga, kuwaas oo ka dhacay afar tartan oo kala duwan.
Waxay guuleysteen saddex ka mid ah afar ciyaar oo bannaanka ah, halka mid kalena barbaro ay galeen, waxayna hoggaanka u hayaan Premier League, waxay leeyihiin rikoodh 100% ah dhinaca Champions League, waxay hoggaanka u hayaan Chelsea ka dib lugta koowaad ee semi-final-ka Carabao Cup, islamarkaana waxay gaadheen wareegga afaraad ee FA Cup.
Arteta wuxuu sheegay in ""waxyaabo quruxda badan"" ay jiraan marka la fiiriyo mustaqbalka.
""Anigu aad ayaan u hubaa, maxaa yeelay kooxdan iyo ciyaartoydani waxay na siiyeen sabab kasta oo aan rumaysanno in natiijadu ay runtii fiicnaan doonto,"" ayuu yidhi.
© 2026 BBC. BBC masuul kama ahan macluumadka bogagga kale ee dibadda. Akhri xogta ku saabsan sida aan u abaarno bogagga dibadda.",crime-related,2026-03-05 11:58:41
News,https://www.bbc.com/somali/articles/c5y3zrdg2ymo,"Sidee ku ogaan kartaa muuqaallada lagu sameeyo garaadka macmalka ah?
Xigashada Sawirka, Getty Images
Bogagga warbaahinta bulshada waxa ka buuxa sawirro iyo muuqaallo lagu sameeyay garaadka macmalka ah kuwaas ay adag tahay in mararka qaarkood la kala saaro kuwa saxda ah iyo kuwa kale. Mid ka mid ah siyaabaha lagu garan karo in muuqaal uu been yahay waa in la fiiriyo tayada sawirka.
Waxaa laga yaabaa in lagu jahwareero kalsoonidaada marka aad la kulanto muuqaal been abuur ah. Lixdii bilood ee la soo dhaafay, waxaa kordhay faafitaanka muuqaalada khiyaanada ah.
Marka hore, waxaan eegnaa tayada sawirka,"" ayuu yiri Hany Farid oo ah bare culuunta kombuyuutarka ka dhiga Jaamacadda California iyo madaxa shirkadda baadhista macluumaadka been-abuurka ah ee GetReal Security.
Laakiin sidoo kale, dadka sameeya muuqaallada AI waxay sii wadi doonaan in ay horumariyaan farsamadooda, sidaas darteed, wakhti dhow ama fog, habkan hadda lagu kala saaro muuqaallada dhabta ah iyo kuwa beenta ah waxa laga yaabaa in isbeddel weyni uu ku dhaco. Arrintani waxay dhici kartaa muddo gaaban gudaheeda ama sanooyinka soo socda.
Xigashada Sawirka, Serenity Strull/Getty Images
Farsamooyinka caanka ee lagu sameeyo muuqaallada, sida Veo ee Google iyo Sora ee OpenAI, wali waxay leeyihiin calaamado lagu ogaan karo ,"" ayuu yiri Farid.
Xitaa AI-ga ugu horumarsan waxa uu leeyahay cillado, gaar ahaan dhaqdhaqaaqa muuqaalka, timaha, iyo dharka. Cilladahan yar-yar way adagtahay in la fahmo, laakiin haddii muuqaalka si cad loo soo bandhigo, si fudud ayaa loo garan karaa.
Bilihii ugu dambeeyay, muuqaallada ay sameeyeen AI-ga ayaa dad badan jahwareeriyay. Muuqaalkii bisadda ee cirka isku shareeray ayaa dhowr maalmood gudahood helay daawasho ka badan 240 milyan oo daawadeyaal ah dhinaca TikTok, halka malaayiin kale ay gujiyeen caalamdda ""like"" ka hor inta aysan ogaannin inuu been yahay.
Muuqaalladan waxay u muuqdaan sidii in lagu duubay taleefan duug ah. Muuqaalkii bisaddu wuxuu u muuqday sidii in habeen dhexdiisa la duubay.
Falanqeeyaha ayaa sheegay in badanka muuqaalada AI-ga aysan waqti dheer lahayn: ""Badankooda ma gaaraan muddada muuqaalada caadiga ah ee TikTok iyo Instagram, kuwaas oo inta badan 30 ilaa 60 ilbiriqsi ah. Laakiin badankooda oo aan baadhay waxay ahaayeen 6 ilaa 10 ilbiriqsi oo keliya.""
Wuxuu intaa ku daray in samaynta muuqaalada AI-ga ay aad u qaali tahay, ""taasina waa sababta ay u sameeyaan muuqaalada gaagaaban. Sidoo kale, waxaa jira calaamad hakad ah ku dhawaad daqiiqad kasta.""
Fariid wuxuu sheegay in dadka sharci-darrada ku shaqaysta ay isticmaalaan muuqaalada AI-ga si ay dadka ugu khiyaameeyaan: ""Haddii aan doonayo in aan qof jahwareeriyo, kaliya waxaan abuuraa muuqaal been ah, waxaan hoos u dhigaa tayada sawirka, laakiin weli waa la daawan karaa.""
Xigashada Sawirka, Crédit : Serenity Strull/Getty Images
Dhibaatadu waxay tahay in isla waqtiga aad isku dayayso in aad ogaato muuqaallada been-abuurka ah, shirkadaha tiknoolajiyada ay qarash gareynayaan balaayiin doollar si ay u horumariyaan farsamooyinka garaadka macmalka ah.
""Marka muuqaal la saxo, waxaa jira calaamado lagu ogaan karo in wax laga beddelay,"" ayuu yiri Stamm.
Khabiirka arrimaha internet-ka, Mike Caulfield, ayaa sheegay in habka ugu wanaagsan uu yahay in dadka ay beddelaan sida ay u fiirsadaan ama ay u aaminaan macluumaadka ay ka helaan internet-ka.
Raadinta khaladaadka AI ma ahan wax joogto ah, sababtoo ah shirkadaha tiknoolajiyada ayaa sidoo kale isku dayaya inay xalliyaan dhibaatooyinka haysta.
© 2026 BBC. BBC masuul kama ahan macluumadka bogagga kale ee dibadda. Akhri xogta ku saabsan sida aan u abaarno bogagga dibadda.",not crime-related,2026-03-05 11:58:44
News,https://www.bbc.com/somali/articles/c8755jg22z5o,"Si dhab ah ayaan tababarka u qaataa balse Ramadaanka ayaa ka muhiimsan
Xigashada Sawirka, Getty Images
Tababarka orodka dheer ee Maradoonka aad ayuu u adag yahay. Adigoo sooman in aad u diyaargarowdo tartanka ciyaartoyda ugu fiican adduunka ee masaafadiisu tahay 26.2 mayl waa wax aad u adag.
Mahamed Mahamed waxa uu ka mid yahay jiilka oradyahanada Britain ee masaafada dheer orda, kuwaas oo ku sii dhawaanaya rikoodhkii uu dhigay Mohamed Farah ee oradka maradoonka.
Oradyahanka 28 jirka ah ee isu diyaarinaya orodka maradoonka ee London sanadkan ayaa hadana sooman. Wuxuu tababarka dhameeyaa xilli dambe, wuxuuna isku wadaa soonka iyo orodka.
Mahamed, oo kaalinta afraad kaga jira liiska orodyahannada ugu fiican UK ayaa iska indhatiray talooyin loo soo jeediyay oo ah in uu dib u dhigo soonkiisa inta uu tababarka ku jiro si uu u jabiyo rikoorka labada saacadood, toddoba daqiiqo iyo shan ilbiriqsi ah.
""Dadka qaar waxay u maleeyaan in aanan soomin marka aan tababarka ku jiro,"" ayuu Mahamed ku yiri wakaaladda wararka ee PA.
""Gaar ahaan hadda, waxaan galayaa tartan, waxay u haystaan in aan diiradda saarayo tababarka oo mar dambe aan dib ka soomayo.
""Laakiin waan la qabsaday. Waxay noqotay jadwalkayga caadiga ah. Waan uga mahadcelinayaa taladaas, balse anigu waxaan sii wadaa dhammaan soonka iyo orodaka.""
Mahamed waxa uu deggen yahay magaalada Ifrane ee Buuraha Atlas ee Morocco, wuxuuna isu diyaarinaya tartanka dhacaya bisha soo socota ee Abriil.
Goobta uu joogo waxay u ogolaaneysaa in uu si badqab ah ugu tababarto iftiinka garoonka habeenkii, isaga oo la jira Muslimiin kale oo sooman bisha barakeysan ee Ramadaan. Maadama aan maalintii biyo la cabeyb, cunto la cuneyn waxay tababarka ka dhigeen habeenkii.
Maalmaha qaar, jadwalkiisa tababarka wuxuu gaaraa saacadaha hore ee subaxda. Waxa uu bilaabaa kulankiisa koowaad qiyaastii 4-ta galabnimo, kaddibna wuu afuraa oo masaajidka tagaa ka hor inta uusan dhammayn kulankiisa labaad.
Markuu si ku filan u cunteeyo, Mahamed wuxuu seexdaa hal ama laba saacadood, kaddibna wuu soo toosaa qiyaastii 4-ta subaxnimo si uu mar kale wax u cuno, ka hor inta uusan sariirta ku noqon si uu markaas kaddib hurdo ugu sii darsado.
Mahamed waxa uu sheegay in wax yar ay adag tahay.
Warbixinada qotada dheer iyo wararka BBC Somali oo toos kuugu imanaaya WhatsApp.
""Shaqadayda si sax ah ayaan u sameeyaa, laakiin Ramadaanka waa kan ugu muhiimsan. Waxa uu iga caawiyaa in aan diiradda saaro. Waxa uu iga dhigayaa in aan fahmo cidda aan ahay iyo waxa aan samayn karo.""
Mahamed waxa uu ka mid yahay afar orodyahan oo Britan u dhashay oo wali firfircoon kuwaas oo ka qeybgala orodka dheer ee maradoonka. Mahamed waxa uu ku orday wax ka yar 2 saac iyo 8 daqiiqo, isaga oo ay weheliyaan Alex Yee, Emile Cairess iyo Philip Sesemann, waxaana lagu tilmaamay ""jiil cusub"".
Kaddib markii uu kaalinta afraad ka galay Marathon-kii London ee la qabtay sanadkii 2024-kii, Mahamed waxa uu doonayay in uu dhigo rikoodh cusub maradoonka London ah ka hor inta uusan u tartamin billad Tartanka Qaaradda Yurub ee ka dhacaya magaalada Birmingham.
Sida Mo Farah, sheekada Mahamed waxay wax badan u dhow tahay tan Mo Farah. Ka hor inta isaga iyo qoyskiisa aysan u soo guurin UK sanadkii 2011-kii, waxa uu ku noolaa Itoobiya.
""Waxaan daawan jiray Mo iyo Jess Ennis anigoo ka fakaraya in sidoo kale aan sameeyo"" ayuu yiri Mahamed.
Wuxuu kaloo uu sheegay in markasta uu la kumo Mo Farah ay taladiisu aheyd ""Dhageyso tababarayaasha, diiraddana saar waxa aad qabaneyso"".
© 2026 BBC. BBC masuul kama ahan macluumadka bogagga kale ee dibadda. Akhri xogta ku saabsan sida aan u abaarno bogagga dibadda.",crime-related,2026-03-05 11:58:48
News,https://www.bbc.com/somali/articles/c0k11ggrey8o,"Iran, Mareykanka iyo Koobka Adduunka ee bilaabanaya saddex bilood gudaheed
In ka yar 100 maalmood, Maraykanka waxa uu noqon doonaa mid ka mid ah dalalka martigelinaya Koobka Adduunka ee sanadkan 2026, waa tartan ay xulka qaranka Iran u soo baxeen.
Sabtidii, Maraykanka iyo Israa'iil waxay weerar ku qaadeen Iran, taasna waxay dhalisay weerarro aargoosi ah oo lagu qaaday qaar ka mid ah dalalka Bariga Dhexe.
Haddaba maxay dagaalladani uga dhigan yihiin FIFA iyo dalalka ka qeybgalaya Koobka Adduunka oo horeyba si weyn loo siyaasadeeyay? BBC qeybta isboortiga ayaa isku dayday in ay arrintan si dhow u eegto.
Iran waxay qeyb kula jirtaa dalal ya ka mid yihiin New Zealand, Belgium iyo Masar. waxay Los Angeles kula ciyaareysaa dalalka New Zealand iyo Belgium, kaddibna Masar ayey isku arkayaan magaalada Seattle.
Iran kama bixin tartanka sanadkii hore markii Maraykanku duqeeyey xarumaha nukliyeerka ee dalkaas. Si kastaba ha ahaatee, rabshadaha iyo qalalaasaha hadda jira oo aad uga sii daray awgood, madaxda xiriirka kubadda cagta Iran ayaa la sheegay in ay shaki geliyeen ka-qaybgalka tartanka.
""Wixii dhacay… iyo weerarka uu Maraykanku qaaday kaddib, uma muuqato in aan si rajo leh u eegi karno Koobka Adduunka, balse madaxda ciyaaraha ayaa go'aankaas leh,"" ayuu ka soo wariyay telefishinka Iran Mehdi Taj oo ah madaxweynaha xiriirka kubbadda cagta Iran.
Dilka Hoggaamiyihii Sare ee Iran, Ayatollah Ali Khamenei, iyo hubaanti la'aanta weyn ee ka taagan mustaqbalka siyaasadeed ee dalka, waa wax aan macquul ahayn in la saadaaliyo go'aan noocaas ah cidda qaadan doonta.
""Tehran, uma ahan dagaal gaaban oo 12 maalmood ah ama xiisad kooban oo la hakin karo kaddibna dib loo bilaabi karo,"" ayay tiri Dr Sanam Vakil, oo ah agaasimaha Barnaamijka Bariga Dhexe iyo Waqooyiga Afrika ee machadka Chatham House.
""Marxaladdan cusub ee colaadda waa mid ku saabsan jiritaanka nidaamka, mana u muuqato mid si degdeg ah ku dhammaan doonta.""
Xiriirka Kubbadda Cagta Adduunka, FIFA, waxay sheegeen in ay la socdaan xaaladda, balse mas'uuliyiin ayaa si gaar ah u sheegay in ay filayaan in Iran ka soo qaybgasho Koobka Adduunka. Sabtidii, xoghayaha guud ee FIFA, Mattias Grafstrom, ayaa sheegay, ""Diiraddayadu waa in aan helno Koob Adduun oo ammaan ah iyadoo qof walba ka qaybgalayo.""
Sida xeerka FIFA uu dhigayo, haddii koox ka baxdo ama laga reebo, FIFA waxay ""qaadi kartaa tallaabo kasta oo loo arko mid lagama maarmaan ah,"" waxayna ""go'aansan kartaa in dal kale lagu beddelo kan ka baxay.""
Ciraaq iyo Imaraadka Carabta ayaa noqon kara in lagu baddelo Iran hadii ay booska baneyso
Xigashada Sawirka, Getty Images
Warbixinada qotada dheer iyo wararka BBC Somali oo toos kuugu imanaaya WhatsApp.
Madaxweynaha Maraykanka, Donald Trump ayaa sanadkii hore saxiixay amar madaxweyne oo mamnuucaya muwaadiniinta 12 dal oo ay ku jirto Iran in ay soo galaan Maraykanka, isagoo ku sababeeyey arrimo amni. Inkastoo ciyaartoyda iyo tababarayaasha Koobka Adduunka laga dhaafay xayiraadda, Iran waxay ku hanjabtay in ay qaadacdo isku aadka bishii Desember ee Washington kaddib markii fiiso loo diiday qaar ka mid ah mas'uuliyiinteeda.
Haddii Iran ay ka qeybgasho tartanka, waxaa la filayaa in si aad ah loo adkeeyo amniga kulamada iyo xerada tababarka ee Arizona.
Koobka Adduunka 2022 ee lagu qabtay Qatar, Iran waxay la ciyaartay Maraykanka, waxaana xilligaas dalka ka dhacay bannaanbaxyo ballaaran oo ka dhan ah dowladda.
Los Angeles, oo Iran laba jeer ku ciyaari doonto, waxay hoyi u tahay Iraniyiinta ugu badan ee ku nool Mareykanka.
""Waxaan ku jirnaa xaalad aan hore noo soo marin, iyadoo ay ka harsan in ka yar 100 maalmood bilaabashada Koobka Adduunka, isla markaana Mareykanku uu bilaabay dagaal ka dhan ah dal ka qaybgalaya ciyaaraha,"" ayuu yiri Nick McGeehan oo ka tirsan ururka xuquuqda aadanaha ee FairSquare.
""Haddii Iran ka baxdo tartanka, taas oo suuragal ah, FIFA waxay dareemi doontaa nafis maadaama ay yarayneyso bannaanbaxyo iyo qalalaasaha dhici kara.""
Saraakiil ka tirsan dowladda Maraykanka ayaa ka digay in ay jiri karaan cawaaqib amni oo ""musiibo ah"" haddii 11-ka magaalo ee martigelinaya ciyaaraha aan la siin maalgelintii hakadka ku jirtay sababo la xiriira xiritaanka qayb ka mid ah dowladda.
Waxaa sidoo kale jira walaac isa soo taraya oo ku saabsan in la adeegsado saraakiisha waaxda socdaalka ee ICE iyo rabshado ka dhaca Mexico oo ah dalka labaad ee martigelinaya ciyaaraha.
Xigashada Sawirka, Getty Images
Bishii December, FIFA waxay Trump ku guddoonsiisay 'Abaalmarinta Nabadda' markii ugu horreysay xafladdii isku aadka Koobka Adduunka 2026, waxayna sheegeen in uu ""door muhiim ah"" ka qaatay heshiis xabbad-joojin ah ee u dhexeeya Israel iyo Falastiiniyiinta, isla markaana uu isku dayay in uu soo afjaro colaado kale.
Toddobaadyadii xigay, Maraykanku wuxuu qaaday tallaabooyin militari oo ka dhan ah Venezuela, Nigeria iyo Iran, wuxuuna muujiyey suurtagalnimada dagaallo kale oo ka dhici kara Greenland, Mexico iyo Colombia. Bishii January, Trump wuxuu sidoo kale Cuba ugu baaqay in ay ""heshiis la gasho"" ama la kulanto cawaaqib.
Trump si adag ayuu u difaacay siyaasaddiisa arrimaha dibadda, isagoo ku adkaysanaya in uu ku shaqeynayo danaha Maraykanka.
Go'aanka Trump ee weerarka Iran ayaa la kulmay taageero iyo cambaareyn labadaba, balse waxaa hubaal ah in ay kordhin doonto su'aalaha laga qabo go'aanka FIFA ee ku dhawaanshaha Trump, iyadoo dhaleeceeyayaashu ku doodaan in ay khatar ku tahay dhexdhexaadnimada hay'adda.
Bishii January, 27 xildhibaan oo ka kala socday xisbiyada UK ee Labour, Liberal Democrats, Green Party iyo Plaid Cymru ayaa saxiixay mooshin baarlamaan oo ku baaqaya in laga saaro Maraykanka tartamada waaweyn ee caalamiga ah, oo uu ku jiro Koobka Adduunka.
FIFA waxay ku adkaysanaysaa in ay sharci ahaan waajib ku tahay dhexdhexaadnimo. Sanadkii hore, Infantino wuxuu sheegay in FIFA ""aysan xallin karin dhibaatooyinka juqraafi-siyaasadeed"" kadib cadaadis lagu saaray in la cunaqabateeyo Israel.
2018, Koobka Adduunka waxaa lagu qabtay Ruushka oo afar sano markaas ka hor ku darsaday Crimea dhulkiisa. Ruushka waxaa sidoo kale lagu eedeeyey weerarro internetka ah iyo faragelin doorashooyin.
Ugu dambeyn, FIFA ayaa Ruushka ka mamnuucday 2022 kaddib duullaankii Ukraine, markii dalal badan oo Yurub ah diideen in ay la ciyaaraan.
Waxa cad in 48-kii saac ee la soo dhaafay, xaalad siyaasadeed oo horeba u adkayd in ay sii noqotay mid aad uga sii dareysa marka loo eego Koobka Adduunka.
© 2026 BBC. BBC masuul kama ahan macluumadka bogagga kale ee dibadda. Akhri xogta ku saabsan sida aan u abaarno bogagga dibadda.",crime-related,2026-03-05 11:58:51
News,https://www.bbc.com/somali/articles/cp9m8m3j7exo,"Waa maxay waxa ay Iimaaraadka, Turkiga iyo Sacuudiga oo aan isku dan ahayn ka doonayaan Itoobiya
Imaaraatka Carabta (UAE) iyo Sacuudiga weligood ma ahayn kuwo iska soo horjeeda.
Tusaale ahaan, waxay si wada jir ah uga shaqeeyeen sidii ay u caawin lahaayeen madaxweynaha Masar Abdel Fattah al-Sisi inuu xukunka qabto.
Inkasta oo ay maanta isku soo jeesteen, haddana waxa ay hore mawqifyo isku mid ah uga qaateen Liibiya iyo Yemen.
Wadamada Jaamacadda Carabta ayaa sidoo kale mowqif isku mid ah ka leh arrimaha Israa'iil iyo Falastiin.
Sababo badan ayaa jira khilaafkooda, balse warbixintaan waxaan ku soo qaadanaynaa sababaha ugu waaweyn ee khilaafkooda.
Magaca Itoobiya ayaa lagu soo qaadayey Imaaraadka iyo Sacuudiga in muddo ah. Mustaqbalku waa ganacsi iyo maalgashi, laakiin ma jiraa ajande siyaasadeed oo ka dambeeya? Maxay yihiin arrimaha tilmaamaya jiritaanka qorshe siyaasadeed?
Turkiga ayaa isna dhanka kale u socda. Si ka duwan labada dal ee Khaliijka [Sacuudi Carabiya iyo Imaaraadka], Itoobiya iyo Turkiga waxaa ka dhexeeya xiriir soo jireen ah.
Laakiin qaab noocee ah ayuu hadda xiriirkoodu yahay? Mukarram Mifta (PhD) oo ah cilmi-baare dhanka siyaasadda ah oo ka tirsan jaamacadda shaqaalaha dawladda Itoobiya ayaa is barbar dhigay danaha Imaaraadka iyo Sucuudiga iyo danaha Maraykanka iyo Israa'iil.
Ibrahim Mulushawa (PhD) oo ah aasaasaha iyo madaxa xarunta daraasaadka is-dhexgalka heer qaran iyo heer gobol ayaa sheegay in Turkiga uu hadda majaraha u hayo Erdogan uu ahmiyad gaar ah siinayo Afrika.
Saddexda waddan maxay ka rabaan Itoobiya? Si aan tan u fahanno, aan dib u yara noqonno.
Warbixinada qotada dheer iyo wararka BBC Somali oo toos kuugu imanaaya WhatsApp.
Dowladaha Imaaraatka Carabta iyo Sacuudiga ayaa muddooyinkii dambe kordhiyay saameynta ay ku leeyihiin dalalka Itoobiya iyo Koonfur Afrika.
Halkee buu ka dhashay xifaaltanka ka dhexeeya dalalkan? Labada dal waa dalal Muslim ah oo Carab ah.
Laakin waxay u loollamayaan inay ka sare maraan dalalka Carabta ee Muslimka ah.
Dr. A.S. Mukarram ayaa sheegay in mucaaradku ay sii xoogeysteen, gaar ahaan tan iyo markii uu xukunka la wareegay wiilka boqor Maxamed Bin Salmaan.
Sacuudi Carabiya waxay isu aragtaa inay matasho dalalka Muslimka ah, sababtoo ah waxay hoy u tahay meelaha ugu qadarinta badan Islaamka, Maka iyo Madiina.
Imaaraadku ma lahayn taariikh ballaaran oo diineed iyo mid taariikheed oo uu ku tartamo arrintan, sidaas darteed waxay xoojiyeen tartankooda dhaqaale.
Imaaraadku waxa uu ku tartamayaa tartan adag oo dhanka sayniska iyo tignoolajiyada ah iyo sidoo kale qaybta dhismaha.
Qaar badan oo ka mid ah ganacsatada Yurub, Mareykanka, Shiinaha iyo Hindida ayaa maalgashaday Imaaraadka Carabta, iyaga oo ka caawiyay dalka inuu si degdeg ah u koro.
Dr. A.S. Mukarram waxa uu sheegay in Sucuudigu aanu guusha dhaqaale la wadaagi karin sida Imaaraadka oo kale.
Marka ay sii korodho su'aasha ah sarraynta diinta, arrimaha siyaasadda iyo dhaqaalaha ayaa si lama filaan ah u raacaya.
Imaaraadku waayadan dambe waxa uu dhisayay dhaqaale ku salaysan adeegyo xooggan.
Dubai, oo ay ka jiraan dhaqdhaqaaqyo ganacsi oo badan, ayaa tusaale fiican u ah arrintan.
Dhinaca kale, Sacuudiga waxa uu leeyahay kheyraad shidaal oo aad u badan.
Khubaradu waxa ay sheegeen in taasi ay xoojinayso awoodeeda iyada oo hubka casriga ah ka soo iibsanaysa Maraykanka iyo Yurub oo leh khayraadkeeda shidaalka. Arrintan marka la eego Imaaraadku aad uma xoog badna.
""Dareenka tartanka ugu dambeyntii wuxuu u wareegay xafiiltan,"" ayuu yiri. Mukarram. Waxa uu sheegay in loolanka Imaaraadka iyo Sacuudiga uu ka soo bilowdo danaha gaarka ah ee madaxdooda.
Wiilka uu dhalay boqorka Sucuudiga ah ee Mohammed bin Salman (MBS) iyo madaxweynaha Imaaraadka Carabta Sheikh Mohammed bin Zayed Al Nahyan ayaa doonaya in caalamka looga aqoonsado hoggaamiyeyaal keenay ""isbeddelo aasaasi ah"".
Labada dal waxaa maamula qoysas boqortooyo. Dr Mukarram ayaa sheegay in labada hogaamiye ay rabeen in ay tusaale u noqdaan wadamada carabta si ay isbedel u sameeyaan.
Tusaale ahaan, MBS oo u oggolaaday haweenka inay kaxeeyaan oo martiqaadaan fannaaniinta reer galbeedka waxay muujinaysaa in waddanku uu keenayo isbeddel asaasi ah.
Sheikh Mohammed bin Zayed Aala Nahyan ma doonayo inuu lumiyo tartanka.
Loolanka shaqsiyadeed ee sii xoogeysanaya ee u dhaxeeya labada hogaamiye ayaa sidoo kale ku lug leh arimo ka imaanaya wadamada kale ee caalamka.
""Khilaafka u dhexeeya labada hoggaamiye ee wacadka ku maray inay dib u habeyn sameynayaan ayaa ku sii fidaya heer hay'ad iyo heer qaran, hadda labada mas'uul way is quursadaan, waxay u guureen min khilaaf shaqsiyeed ilaa heer urur"" ayuu yiri Dr Mukarram.
Bal aan aragno sida loollanka shaqsi ilaa hay'adaha iyo waddammada ku faafay ay ugu lug lahaayeen Itoobiya iyo Koonfur Afrika.
Doorka dalalka Carabta ee Geeska Afrika iyo Itoobiya ayaa soo shaac baxay intii ay jirtay xukuumadda Ra'iisul Wasaare Abiy Axmed.
Imaaraatka Carabta iyo Sacuudi Carabiya waxay Itoobiya ka wadaan dhaqdhaqaaqyo maalgashi oo balaayiin doolar gaaraya.
Tan iyo markii uu xukunka qabtay RW Abiy, Imaaraadku wuxuu Itoobiya siyaabo kala duwan ugu bixiyay 3 bilyan oo doolar.
Dr. A.S. Mukarram wuxuu halkan ku eegayaa xiriirka Itoobiya iyo Imaaraadka ka hor iyo ka dib 2018.
Khubaradu waxa ay sheegeen in xiriirka siyaasadeed iyo dhaqaale uu xilli hore billowdo oo uu balaarto, balse xiriirka Itoobiya iyo Imaaraatku aanu ahayn mid si degdeg ah u horumaray ee yahay mid si tartiib tartiib ah u kordhaya.
Haddii aan soo qaadano Turkiga, horumarka xiriirka ama isbeddelada dhaqaale iyo siyaasadeed ee labada waddan waa mid ""la saadaalin karo,"" ayuu yiri.
Mar haddii soo sheegnay arrinta Turkiga, aan ku eegno xiriirka uu la leeyahay Itoobiya qaab ka duwan kan dalalka Khaliijka.
Xiriirka Turkiga iyo Itoobiya wuxuu soo bilowday dhaqdhaqaaqii Boqortooyadii Turkiga ee Cusmaaniyiinta ee qarnigii 16aad.
Turkidu waxay ku wareegsanaayeen badda cas muddo sanado ah. Tani waxay muujineysaa sida uu u xooggan yahay xiriirka taariikhiga ah ee labada dal.
Xiriirkaas oo wiiqmay xilligii hantiwadaaga-Dargiga, waxa uu soo noqday xilligii ADWUI.
Dr. A.S. Ibraahim ayaa sheegay in tan iyo markii xisbiga AK uu talada dalka Turkiga qabtay ay sare u kaceen maal-gashiyo lagu sameynayo dalal kala duwan, si loo dardargeliyo horumarka dalka.
Waddamada uu Turkigu u doortay maalgashiga waxa ka mid ah Itoobiya. Maalgashiga wadanku ku sameeyay Itoobiya waxa uu gaadhay ilaa 2.5 bilyan oo doolar.
In ka badan 20,000 oo Itoobiyaan ah ayaa ka shaqeeya in ka badan 200 oo shirkadood.
Xiriirka labada dal, si kastaba ha ahaatee, waxa uu ka gudbay maalgashiga iyo ganacsiga isaga oo u gudbay isku-dubarid ciidan.
Turkidu waxay isu haystaan inay qayb ka yihiin Yurub
""Tani waxay sahlaysa Itoobiya iyo Turkiga inay yeeshaan xiriir ku salaysan sinnaan,"" ayuu yiri. Ibraahim.
Aan u gudubno danaha iyo qorshaha Turkiga iyo sidoo kale Imaaraadka iyo Sacuudiga ee Itoobiya iyo Geeska Afrika.
Marka la eego danaha Imaaraadka iyo Sacuudiga, hal falanqeyn ayaa ah in dalalka Afrika oo ay gilgishay xasillooni darro ay ka baqayaan qalalaase siyaasadeed iyo dhaqaale burbur si ay u ilaashadaan danahooda dhaqaale.
Waxaa hubaal ah in wadamadani ay rabaan in ay balaariyaan saldhigyada milatari ee ay ku leeyihiin Afrikada bari.
Waxa kale oo run ah in goobtani tahay goob ganacsi oo aad u mashquul badan.
Dalalkan ayaa doonaya in ay ilaalo xooggan u sameeyaan dhaqdhaqaaqyadooda maalgashi ee Bariga Afrika.
Marka laga yimaado ciidamada Tigrayga iyo colaada u dhaxaysa Axmaarada iyo Axmaarada, haddana waxaa dhibaato ku ah ammaanka Itoobiya.
Dr. A.S. Ibraahim wuxuu diiradda saaray ilaalinta danaha Mareykanka iyo Israa'iil.
Xiriirka Mareykanka iyo Afrika ayaa wiiqmay tan iyo markii madaxweyne Trump la doortay mar labaad.
Sidaa darteed, waxaa la isku dayay in la daboolo baahiyaha Mareykanka iyadoo loo dirayo dalal kale.
Danaha Maraykanka iyo Israa'iil ee geeska Afrika ayaa ku xiran siyaasadda arrimaha dibadda ee Israa'iil ""inay ka jawaabto dalabka Israa'iil ee aqoonsiga qaran,"" ayuu yiri. Mukarram.
Wadamada Jaamacadda Carabta oo ay ku jirto Masar ayaa ah kuwa hormuudka ka ah saameynta ay ku leeyihiin arrimaha Israa'iil iyo Falastiin.
""Dhaqdhaqaaq kasta oo ka socda geeska Afrika waxaa lagu dari karaa saameyntan. Taasi waa sababta Maraykanka iyo Israa'iil ay u taageeraan UAE,"" ayuu yiri.
Xiisada u dhaxeysa Itoobiya iyo Eritrea ayaa cirka isku sii shareertay kadib sheegashada badda ee Itoobiya.
Si kastaba ha ahaatee, Ra'iisul Wasaare Abiy Axmed, ayaa khudbad uu ka jeediyay Baarlamaanka ku sheegay in colaadda labada dal ay soo bilaabatay xilligii dagaalka Tigray.
Wuxuu sheegay in ciidamada Eritrea ay geysteen xadgudubyo ka dhan ah xuquuqul insaanka iyo burbur hantiyeed inta uu socday dagaalka, isagoo intaa ku daray in ciidamada Itoobiya ay ka hortageen arrintaasi, colaadana ay halkaasi ka bilaabatay.
Waxaa jira warar sheegaya in Imaaraatka Carabta iyo Sacuudiga ay wadaan ""dagaal dadban"" iyagoo kaashanaya dhinacyada isku haya Suudaan, ciidamada qalabka sida ee dalkaas iyo ciidamada gaarka ah ee RSF-ta.
Dhacdooyinkii ugu dambeeyay ee sii xumeeyay dhibaatada ka taagan dalka geeska Afrika waxaa ka mid ah heshiiskii isfaham ee la sheegay in Itoobiya iyo Somaliland ay kala saxiixdeen.
Soomaaliya oo ka xumaatay aqoonsiga Israa'iil ee Somaliland, ayaa wali sii wada inay ka ashtakooto. Taasina waxay keentay inay xiriirka u jarto Imaaraadka.
Masar oo aad uga xun biyo xireenka weyn ee Itoobiya ayaa labada dal waxay isku dayayaan in ay danahooda ka gaaraan Suudaan iyo Soomaaliya.
Xaaladda gobolka geeska Afrika waxaa go'aamiya danaha dalal shisheeye marka laga reebo danaha dalalka gobolka.
Madaxweynaha Eritrea ayaa ku eedeeyay Imaaraadka inay ka dambeeyaan dalabaadka badda ee Itoobiya ee dhowaan la adkeeyay. Waxay sidoo kale xoojiyeen xiriirka Sacuudiga.
Dr. A.S. Mukarram waxa uu aaminsan yahay in Itoobiya iyo Eritera ay ku dagaalami doonaan arrinta xadka badda.
""Marka la barbardhigo Sacuudiga, faragelinta Imaaraadka ee Itoobiya waa mid aad u weyn, waxay heystaan maalgashi dhan $2.5 bilyan, way garab istaagi karaan Itoobiya si ay arrintaas u ilaaliyaan"" ayuu yiri.
Marka la eego burburka iyo go'doominta dublamaasiyadeed ee uu dagaalkaasi keenay, waxa uu khabiirku aaminsan yahay in Itoobiya ay si nabad ah ku xalin karto sheegashadeeda badda iyada oo adeegsanaysa Somaliland.
Laakiin haddii Itoobiya ay aqoonsi qaran siiso Somaliland, waxa lama huraan ah inay isku dhacaan Soomaaliya iyo Turkiga.
Muhiimadda gaarka ah ee Turkiga u hayo Afrika ayaa waxaa xoojiyey xiriirka uu la leeyahay Itoobiya, ayuu yiri. Ibraahim oo dhankiisa sheegay in siyaasadda Turkiga ee geeska Afrika ay awood u siin doonto ""in ay si siman uga faa'iideystaan dhammaan.
Turkiga ayaa xiriir wanaagsan la leh Itoobiya iyo Soomaaliya, waxaana uu doonayaa in labada dal uu nabad ka dhex dhaliyo.
Fariinta uu Turkigu rabo in uu gudbiyo ayaa ah ""waa in aynaan si sahal ah ku waayin Itoobiya"".
© 2026 BBC. BBC masuul kama ahan macluumadka bogagga kale ee dibadda. Akhri xogta ku saabsan sida aan u abaarno bogagga dibadda.",crime-related,2026-03-05 11:58:54
News,https://www.bbc.com/somali/articles/cr45n5kk79no,"Sidee isaga ilaalin kartaa gaajada iyo haraadka inta lagu jiro soonka?
Xigashada Sawirka, Getty Images
Marka la gaadho bilowga bisha Ramadaan, Muslimiinta ku nool daafaha dunida Islaamka waxay bilaabaan cibaadada soonka, taas oo ah mid ka mid ah tiirarka diinta Islaamka, isla markaana u baahan in laga soomo cuntada iyo cabbitaanka laga bilaabo waaberiga ilaa qorrax dhaca bisha oo dhan.
Inkasta oo soonku leeyahay faa'iidooyin caafimaad, haddana qaar ka mid ah dadka ayaa la kulma dhibaato ku saabsan la qabsiga isbeddelka degdegga ah ee caadooyinkooda cunto inta lagu jiro bisha, halka qaar kalena ay dareemaan daal iyo tabar-darro ka dhalata ka fogaanshaha cuntada iyo cabbitaanka muddooyin dheer. Mararka qaarkood arrintan waxaa la socon kara dhibaatooyin caafimaad sida kuwa qaba sonkorowga ama dhiig-karka.
Qoraalkan, waxaan ku iftiiminaynaa talooyin muhiim ah oo ay soo jeediyaan khubarada nafaqada si loo helo soon caafimaad leh. BBC Af-Carabi ayaa la hadashay dad dhowr ah si loo soo bandhigo waayo-aragnimadooda gaarka ah oo laga yaabo inay dad badan ka caawiso qorsheynta sida ay u qaadanayaan waqtigooda bisha Ramadaan, iyadoo ay barbar socdaan khubarada nafaqada oo soo jeedinaya hababka iyo xeeladaha ugu waxtarka badan ee la raaco si loo helo caafimaad wanaagsan.
Xigashada Sawirka, Getty Images
Qofka sooman wuxuu bilaabaa maalintiisa koowaad cuntada suxuurta, waxa uu halkaas ku doorto inuu cuno ayaana go'aaminaya inta uu dareemi doono ama uusan u dareemi doonin daal, harraad ama gaajo inta uu sooman yahay.
Khabiirka nafaqada Faadi Cabbaas wuxuu ku talinayaa in la raaco talooyinkan si loo helo soon fudud, jidhka oo aan si fudud u qalalin, iyo faa'iido caafimaad oo weyn:
Cabbaas wuxuu yiri: ""Suxuurta waa in diiradda la saaraa cuntooyinka qiyaastii boqolkiiba 70 ka kooban biyo, cuntadana waa in loo cunaa saddex marxaladood oo u dhexeeya mid kasta shan daqiiqo. Waxaa lagu bilaabaa saxan salad ah (gaar ahaan qajaar, saladh cagaaran iyo kabsar), iyo hal nooc oo cunto ah oo aan cusbo badan lahayn, maadaama cuntooyinka cusbada leh sida farmaajada iyo lawska, inkastoo ay nafaqo badan leeyihiin, haddana ay jidhka ka dhigaan inuu u baahdo biyo badan saacado yar ka dib.
Wuxuu intaas ku daray: ""Marxaladda labaad waxaa la qaataa sonkor dabiici ah, sida laba xabbo oo miro biyo badan leh (tusaale ahaan istaroobari, qaraha ama liin macaan) ama koob casiir dabiici ah, ka dibna cuntada waxaa lagu soo gabagabeeyaa cabitaanka biyo.""
Adeegga Caafimaadka Qaranka ee Ingiriiska wuxuu ku talinayaa in laga fogaado shaaha iyo qaxwaha maadaama ay kordhiyaan kaadida oo ay ku jiraan kafeyn (gaar ahaan dadka qaba dhibaatada kaadi baxa aan la xakamayn). Luminta dareeraha jidhka waxay keentaa in loo baahdo in la magdhabo, waxaana dhici kara qalayl sababa madax-xanuun, cadaadiska dhiigga oo hoos u dhaca, dhibaatooyin kelyaha ah iyo kuwo kale.
Warbixinada qotada dheer iyo wararka BBC Somali oo toos kuugu imanaaya WhatsApp.
Haddaba sidee looga fogaadaa dhibaatooyinkan? Maxaase laga sameeyaa dareenka daalka ama caajiska ka dib afurka?
Miisaska Ramadaanka iyadoon loo eegin heerka dhaqaale ee qoys kasta — waxay caan ku yihiin kala duwanaanta cuntooyinka maalin kasta, taas oo ka dhalata caadada ah in qaraabada iyo derisku isu dhiibaan cuntooyin kala duwan inta lagu jiro bisha. Sidaas darteed qofku wuxuu cuni karaa wax ka badan inta uu u baahan yahay, wuxuuna dareemaa waxyeellada arrintaas wax yar ka dib marka uu dhammeeyo afurka.
Waxaa bilaabma dhibaatooyin sida calool-xanuun, dareen buux-dhaaf ah, caajis iyo rabitaan hurdo, iyo waxyaabo kale. Qaar ka mid ah dadka ayay arrintu uga sii dari kartaa, gaar ahaan haddii ay keento korodhka cadaadiska dhiigga ama sonkorta dhiigga.
Sida uu sheegay Faadi Cabbaas, maalmaha ugu horreeya ee soonka ayaa ah kuwa ugu adag, sababtoo ah jidhku wuxuu bilaabaa inuu u adeegsado dufanka il tamar ahaan kaddib afar maalmood oo soon ah.
Cabbaas wuxuu ku talinayaa in afurka sidoo kale loo qaato saddex marxaladood, iyadoo u dhexeysa mid kasta lix daqiiqo, sida suxuurta oo kale. Sababtu waa in maskaxdu u baahan tahay 18 daqiiqo si ay u hesho calaamadda dheregga.
Wuxuu yiri: ""Marxaladda koowaad waxaa lagu talinayaa in la cabo hal koob oo biyo ah, saddex jeer oo yar-yar, iyadoo la fadhiyo. Lix daqiiqo ka dib, waxaa la qaataa sonkor dabiici ah si jidhka loogu celiyo tamartii uu waayay inta lagu jiray soonka, sida timir ama casiir midho cusub.""
Wuxuu sii raaciyay: ""Marka la sugo lix daqiiqo kale, waxaa lagu talinayaa in la bilaabo saxan salad ah oo si fiican loo jarjaray si aan caloosha loo culaysin. Fiber-ka ku jira khudaarta aad ayuu muhiim ugu yahay helitaanka fitamiinnada iyo ka hortagga calool-fadhiga.""
Intaas ka dib, waxaa la cunaa hal ama laba nooc oo cunto ah ugu badnaan, kuwaas oo ka kooban borotiin iyo karbohaydrayt.
Tusaale ahaan, baradho, bariis, baasto, rooti iyo cuntooyinka cajiinka ah dhammaantood waa karbohaydrayt, sidaas darteed waa in la doortaa hal nooc oo keliya oo ka mid ah, laguna daro hal nooc oo borotiin ah (sida digirta, ukunta, hilibka aan baruurta lahayn ama caanaha), iyadoo la tixgelinayo waqtiga calalinta oo u dhexeeya 30 ilbiriqsi cunto jilicsan iyo 60 ilbiriqsi cunto adag sida hilibka iyo lawska.
Inkasta oo jidhku aad ugu baahan yahay biyo, haddana cabitaanka biyo badan hal mar iyo si khaldan loo cabo waxay saameyn ku yeelan kartaa shaqada mindhicirrada iyo kelyaha. Sidaas darteed waa in la raaco hab caafimaad leh: lama cabbo wax ka badan laba koob oo biyo ah hal mar ka hor inta aan saacad laga gaarin afurka, mana habboona in la sugo ilaa la dareemo harraad. Waa in la cabaa biyo saacad kasta ama saacad iyo bar kasta, xitaa haddii loo baahdo in la sameeyo digniin ku xasuusisa waqtiga cabitaanka biyaha, sida uu ku talinayo Cabbaas.
Xigashada Sawirka, Getty Images
Ma aha qof walba mid ku fiican ka fakarka iyo qorshaynta hore ee bishan. Qaar badan ayaa aad u dhibtooda sababtoo ah isbeddel degdeg ah oo ku yimaadda caadooyinka cuntada iyo kuwa bulsho, taas oo keenta dhibaatooyin saameeya xiriirkooda bulshada iyo tayada shaqadooda, sida ku dhacday labada walaal ee Saciid iyo Cusmaan Yuusuf oo ka shaqeeya dhismaha magaalada Xalab.
Saciid wuxuu yidhi: ""Inkasta oo aan ogahay in aan bisha barakaysan ku sabro oo aan dulqaad yeesho, haddana marka la gaadho duhurnimada waxaan noqdaa qof xanaaq badan. Ma xakameyn karo dabeecaddayda, mararka qaarna waan ku qayliyaa shaqaalaha, dabadeed waan ka qoomameeyaa oo waan ka raalli gelinayaa, balse arrintu marar badan ayay igu soo noqnoqotaa.""
Walaalkiis Cusmaan wuxuu yidhi: ""Maalmaha ugu horreeya waan u adkeysan karaa gaajada, laakiin toddobaad ka dib waxaan dareemaa harraad daran oo madax-xanuun igu keena, markaasna waxaan noqdaa qof aan la qaadi karin, mana awoodo inaan xakameeyo xanaaqayga.""
Dhibaatadan kuma koobna Saciid iyo Cusmaan oo keliya, balse rag badan ayay ku dhacdaa. Sidaas darteed waxaa habboon in la raaco talooyinka khubarada nafaqada, maadaama cuntada aad cunaysaa ay door weyn ku leedahay dabeecaddaada.
Arrintan ayuu ka hadlay Maxamed Faayid, oo ah khabiir cilmiga cuntada iyo nafaqada ah oo ku sugan Marooko. Wuxuu yiri: ""Guud ahaan haweenku way ka adkaysi badan yihiin soonka marka loo eego ragga, sababtoo ah boqolkiiba baruurta jidhkooda ayaa ka badan tan ragga, halka raggu ay leeyihiin murqo ka badan kuwa haweenka.""
Sida uu sheegay Faayid, arrintani waxay leedahay sababo cilmiyeed oo la xidhiidha hoormoonnada; qaar ayaa firfircoon haweenka, qaarna ragga.
""Hoormoonka istaroojinku wuxuu ka caawiyaa haweenka inay u adkaystaan gaajada oo ay muddo dheer ku sii nagaadaan xaalad deggan, taas oo ka caawisa inay ka adkaadaan kacsanaanta iyo welwelka. Halka hoormoonka tistostiroonku ee ragga uu kordhiyo dareenka xanaaqa, walbahaarka iyo diiqadda.""
Faayid wuxuu intaas ku daray: ""Jidhka haweeneydu guud ahaan wuxuu u baahan yahay cunto ka yar tan ninka. Cunista badan ee hilibka, digaagga iyo farmaajada waxay kicisaa soo saarista hoormoonno saameeya xaaladda neerfaha, maadaama istaroojinku la falgalo kolestaroolka. Sidaas darteed hilibka badan wuxuu kordhiyaa kolestaroolka, taas oo keenta kacsanaan iyo xanaaq.""
Xigashada Sawirka, Getty Images
Guud ahaan, dalalka bariga, raggu waxay u janjeeraan dhaqdhaqaaq badan marka loo eego haweenka, sababtoo ah nooca shaqadooda ama mas'uuliyadaha ka baxsan guriga. Tani waxay ka dhigan tahay inay lumiyaan tamar iyo kalooriyo ka badan haweenka. Hase yeeshee xaaladdu way ka duwan tahay haweeneyda shaqaysa, oo dusha ka saaran yihiin masuuliyado waaweyn sida daryeelka carruurta, hawlaha guriga iyo shaqada dibadda. Xaaladdan, waxay la mid noqotaa ninka, mararka qaarna xitaa dadaal labanlaab ah ayay bixisaa.
Faayid wuxuu aaminsan yahay in nooca cuntadu uu si toos ah u saameeyo niyadda qofka. Dadka cuna hilib badan waxay u janjeeraan inay noqdaan kuwo kacsan oo walbahaar badan marka loo eego dadka cuna khudradda oo keliya.
Wuxuu sheegay in haweeneyda cunta qaddarka hilibka iyo farmaajada ee uu cuno ninku ay la kulmi karto isla xaaladaha xanaaqa iyo kacsanaanta ee ragga ku dhaca.
Salaadda taraawiixda looma tixgeliyo jimicsi ku filan oo jidhka ka saara kalooriyada dheeraadka ah sida ay qaar u malaynayaan. Sidaas darteed waa in la sameeyaa jimicsi kordhiya garaaca wadnaha, sida ay ku talisay khabiir nafaqada oo ku sugan London, Aysun Kafang.
Waxay tidhi: ""Calooshu waa inay si buuxda ugu nasataa dheefshiidka ka hor inta aan la bilaabin jimicsi, taas oo macnaheedu yahay in la bilaabo ugu yaraan saddex saacadood ka dib afurka.""
Waxay intaas ku dartay: ""Maalmaha ugu horreeya waa in aan jidhka la culaysin, lana sameeyo jimicsi fudud sida socodka, qaadista miisaan yar oo guriga yaal ama kor u kaca jaranjarada dhowr jeer, ka dibna maalin kasta si tartiib ah loo kordhiyo muddada ilaa laga gaadho heer ku habboon awoodda iyo caafimaadka qofka.""
Kafang waxay sharraxday muhiimadda biyaha iyo doorkooda weyn ee ilaalinta caafimaadka guud, gaar ahaan bisha Ramadaan. Waxay si xooggan ugu talisay in la cabo qaddarka biyaha ee lagu taliyay iyadoo loo eegayo da'da qofka, lagana fogaado cabitaannada kaarboonaysan iyo kuwa sonkorta lagu daro, laguna beddelo cabitaanno dhir ah sida shaah cagaaran iyo kuwo kale oo si ballaaran looga helo dunida oo dhan.
Anqaam, oo ah haweeney guri-joog ah oo leh laba carruur ah kuna nool magaalada Riyaad ee Sucuudiga, waxay aaminsan tahay in qorshaynteeda hore ee bisha Ramadaan ay uga dhigto bishan mid ay ku horumariso caafimaadkeeda, ku kobciso xirfadaheeda, isla markaana ku dareento qanacsanaan nafteeda ah.
Waxay u sheegtay BBC: ""Waxaan bilaabay soon kala go'an toddobaad ka hor inta aan la gaadhin Ramadaan, sababtoo ah sidaas ayaan jidhkayga ugu diyaariyaa inuu u adkaysto gaajada, isla markaana uga hortagaa isbeddel degdeg ah oo ku yimaadda nidaamkayga maalinlaha ah inta lagu jiro Ramadaan.""
Waxay intaas ku dartay: ""Sannad kasta waxaan is hor dhigaa yool aan doonayo inaan gaadho. Sannadkan waxaan qorsheeyay inaan Qur'aanka dhammeeyo laba jeer inta lagu jiro bishan, isla markaana aan carruurtayda xifdiyo qaar ka mid ah aayadaha Qur'aanka, anigoo isla mar ahaantaana daryeelaya carruurtayda oo ku mashquulsan waajibaadka guriga. Sidaas ayuu waqtigu ku dhaafaa anigoon dareemin.""
Naadiya, oo ah gabar 25 jir ah kuna nool magaalada Caqaba ee Urdun, waxay tidhi: ""Waxaan gaajada iyo haraadka kula dagaallamaa akhriska. Sidaas darteed waxaan waqtigayga ku qaataa akhrinta dhammaan buugaagta iyo sheekooyinka aan dib u dhigtay, sidoo kalena waxaan daawadaa qaar ka mid ah barnaamijyada telefishinka, waxaanan horumariyaa xirfaddayda luqadda Ingiriisiga. Sidaas darteed ma jiro waqti firaaqo ah oo igu kallifa inaan ka fikiro harraad ama gaajo.""
© 2026 BBC. BBC masuul kama ahan macluumadka bogagga kale ee dibadda. Akhri xogta ku saabsan sida aan u abaarno bogagga dibadda.",crime-related,2026-03-05 11:58:57
News,https://www.bbc.com/somali/articles/ce3kxg0e2zlo,"Muxuu yahay walaaca ay qabaan farsamayaqaannada tumi jiray agabka la isticmaalo
Farsamada gacanta lagu sameeyo waa xirfad soo jirtay muddo dheer, isla markaana soo martay marxalado kala duwan oo taariikhi ah.
Dadka ku shaqeeya xirfaddan ayaa sannado badan ku tiirsanaa aqoontooda iyo gacmahooda, iyaga oo soo saari jiray agab kala duwan oo baahi weyn u lahaa bulshada, kana mid ahaa wax-soo-saarka maxalliga ah ee lagu faani jiray.
Si kastaba ha ahaatee, maanta farsamadan waxa ku soo wajahan walaac isa soo taraya, kaas oo la xiriira halista ay ugu jirto inay gebi ahaanba baaba'do.
Dadka ku shaqeysta ayaa sheegaya in hoos uu dhac weyn ku yimid shaqooyinkii ay horay u qaban jireen, taas oo si toos ah u saamaysay noloshooda iyo isku filnaanshahooda dhaqaale.
Daahir Jaamac Maxamed oo ka mid ah farsamayaqaannada muddada dheer ku jiray hawshan, ayaa sheegay in shaqooyinkii ay ku tiirsanaan jireen ay hadda aad u yaraadeen. Wuxuu tilmaamay in xaaladdan ay keentay in bulshada ay si sii kordhaysa ugu tiirsanaato alaabo dibadda laga keeno, halkii ay horay u isticmaali jireen wax-soo-saarka gudaha. Sida uu sheegay, arrintani ma aha oo kaliya mid dhaqaale, balse waa mid saamaynaysa jiritaanka xirfadda lafteeda.
""Dad awal waxaynu ahayn isku filan, kabteena annagaa tolan jirnay, kuuyadeena annagaa tuman jirnay, dubbaheena annagaa samaysan jirnay. Dalka isku filnaansho meel dhow baanu joognay. Haddana waxaad mooddaa inaynu dad hoos tagayno"" ayuu yiri Daahir Jaamac Maxamed.
Dhankiisa, Saxardiid Maxamed Guuleed oo isna ka mid ah dadka ku shaqeeya farsamadan ayaa sheegay in xaaladdu ay gaartay heer ay ku qasbanaadeen inay joojiyaan shaqooyinkii ay asal ahaan qaban jireen. Wuxuu sheegay in dadku ay doorbidayaan alaabaha dibadda laga keeno, taas oo keentay in farsamayaqaannadii maxalliga ahaa ay wajahaan shaqo la'aan.
Waxa uu intaa ku daray in hawsha kaliya ee hadda u hartay ay tahay inay dib u farsameeyaan ama dayactiraan alaabo dibadda laga keenay oo ciladoobay, halkii ay ka soo saari lahaayeen wax cusub oo ay iyagu leeyihiin.
""Wixii aan samayn jirnay oo dhan waxa la keenaa iyagoo carbi wada ah oo bakhaarada yaalla, dadkiina carbigaas bay gadanayaan, annagana shaqo la'aan baa nagu dhacday. Wax aan qabanayno hadda ma jiraan, waxa ay ayagu soo gataan oo ka soo hallaaba ayaan u sii samaynaa. Wixii aan samayn jirnay cid gadanaysa ma jirto"" ayuu yiri Saxardiid Maxamed.
Arrinta kale ee sii xumaynaysa xaaladda ayaa ah in shaqadan ay maanta sii hayaan inta badan odayaal waayeel ah, halka dhallinyaradii baran lahayd xirfaddan oo mustaqbal u noqon lahayd ay gabi ahaanba ka jeesteen. Sababta aysan dhallinyaradu uga shaqayn, sida ay farsamayaqaannadu sheegayaan, waa marka ay arkeen in aanay jirin faa'iido muuqata ama dakhli ku filan oo ka soo baxa hawshan.
Warbixinada qotada dheer iyo wararka BBC Somali oo toos kuugu imanaaya WhatsApp.
""Dhaqdhaqaaqii waan iska daynay anagaas baa hadda daba socona, dhallinyaradii baran lahayd, samayn lahayd, xirfadda lahayd oo howlkarka ahayd waa iska daayeen markay arkeen inaysan waxba ka faa'iidayn, waxaasna waxa noogu wacan dowladda iyo ganacsatada oo aan joojinayn"" ayuu yiri Saxardiid Maxamed.
Cabdi Mowliid Saleebaan ayaa sheegay in haddii la heli lahaa taageero dhab ah, qalab casri ah iyo dhiirrigelin rasmi ah, ay suuragal noqon lahayd in wax-soo-saarka farsamadan la kordhiyo, lana abuuro shaqooyin cusub oo ay ka faa'iideystaan dhallinyarada. Wuxuu aaminsan yahay in xirfaddani ay weli leedahay awood ay kaga qayb qaadan karto horumarinta dhaqaalaha gudaha, haddii loo helo daryeel iyo qorshe lagu badbaadinayo.
""Haddii qalab ay heli lahaayeen dhallinyarada oo dhan baanka shaqayn lahaa"", ayuu yiri Cabdi Mowliid Saleebaan.
Inkasta oo ragga ku shaqeeya farsamadan weli laga arki karo waddooyinka iyo suuqyada qaarkood, haddana waxa ay ka cabanayaan taageero la'aan dhinaca dowladda ah, iyo sidoo kale bulsho aan si buuxda u dhiirrigelin iibka iyo isticmaalka agabka ay soo saaraan. Taasi waxay sii xoojisay dareenka ah in farsamadan qadiimiga ah ay wajahayso mustaqbal mugdi ah.
Warbixintan awgeed, waxa aan isku daynay in aan arrintan wax ka waydiinno mas'uuliyiinta dowladda iyo ganacsatada ay quseyso, si aan u helno aragtidooda ku aaddan xaaladda farsamadan iyo qorshayaasha jira ee lagu taageerayo. Hase yeeshee, illaa iyo hadda, dhammaan dhinacyadii aan la xiriirnay way ka gaabsadeen inay ka hadlaan arrintan.
Dadka farsamadan ku shaqaysta ayaa lagu yaqaan inay sameeyaan agabka guryaha, kuwa ugaarsiga, kuwa loo isticmaalo beeraha, iyo farsamooyin kale oo dhamaantood ama intooda badan ay maanta beddeleen mishiinno iyo qalab dibadda laga keeno oo ku shaqeeya batari ama koronto.
© 2026 BBC. BBC masuul kama ahan macluumadka bogagga kale ee dibadda. Akhri xogta ku saabsan sida aan u abaarno bogagga dibadda.",not crime-related,2026-03-05 11:59:00
