url,text,category
https://www.bbc.com/somali/articles/c14m7j4den8o,"Afarteeda addin ayey ku weyday xanuun ay ka qaadday xayawaan Soomaalida kula nool xaafadaha
Digniin: Qormadan waxaa ku jira muuqaallo laga yaabo in akhristayaasha qaarkood ay dhibsadaan
Ka dib 32 toddobaad oo isbitaal ay ku jirtay, dhawr goorna wadnaha looga soo booday, afarta addinna laga jaray, ayaa Manjit Sangha oo ka badbaadday xanuunka Sepsis waxay ugu dambayntii ku soo laabtay gurigeeda.
In kasta oo ay dhakhaatiirtu u malaynayeen in gabadhan 56 jirka ah ay runtii dhiman doonto, haddana waxay ka tagtay Ward 9 ee Moseley Hall ee Birmingham todobaadkii hore, iyada oo ka heshay soo dhawayn geesinimo leh qoyskeeda oo ku sugan Penn, oo ku taal xadka Wolverhampton/Staffordshire.
Dhakhaatiirtu waxay aaminsan yihiin in xanuunka haya ee Sepsis uu ka dhashay wax aan waxba galabsan oo aan laga shakin karin sida leef-leefka eygeeda oo meel yar ka jaray ama ka xoqay.
Ayadoo hadda soo kabanaysa, bilaabaysana inay dib u dhisto nolosheeda, ayaa waxay hadda doonaysaa inay uga digto dadka kale khatarta Sepsis, iyada oo aaminsan ""inay ku dhici karto qof kasta"".
"" Way adag tahay in la sharraxo waayo-aragnimada"" ayay tiri. ""In aad ku lumiso addimadaada iyo gacmahaaga muddo gaaban waa arrin aad u weyn. ""Waa arrin aad u halis ah, mana aha in la fududeysto"".
Sepsis waa xaalad caafimaad oo naadir ah laakiin halis ah oo dhacda marka habka difaaca jirka ee loogu talagalay la dagaalanka cudurada iyo caabuqa uu bilaabo inuu weeraro unugyada iyo xubnaha jirka.
NHS-ta ayaa sheegtay in uu nafta halis gelin karo oo ay adkaan karto in la ogaado, halka hay'adda UK Sepsis Trust ay sheegtay in gudaha UK ay ka jiraan ilaa 50,000 oo kiis oo ah dhimasho la xiriirta sepsis sanad walba.
Dadka qaangaarka ah, calaamadaha lagu arki karo waxaa ka mid noqon hadalka qallafsan, gariir aad u daran ama murqo xanuun, neefta oo ku dhegta iyo midabka maqaarka oo is beddela.
Manjit Sangha oo shaqayn jirtay todobaadka oo dhan ka hor xanuunkeeda, waxa ay gurigeeda ku soo laabatay galab Axad ah bishii July ee sannadkii hore, iyada oo dareemaysa caafimaad darro.
Subaxdii xigtay way miyir daboolantay. Gacmaheeda iyo cagaheeda baraf ayy noqdeen, bushimaheeduna guduud bay noqdeen oo waxay la tacaalaysay neefsashada.
Warbixinada qotada dheer iyo wararka BBC Somali oo toos kuugu imanaaya WhatsApp.
""Maskaxdaadu meesha oo dhan ayey ku mashquulsan tahay,"" ayuu yiri ninkeeda Kam Sangha. ""Waxaad ka fekereysaa 'sidee tani ku dhici kartaa wax ka yar 24 saacadood?'
""Hal daqiiqo sabtida waxay la ciyaaraysay eyga, Axada waxay aadday shaqada, habeenkii Isniinta waxay ku jirtaa koomo"".
Wadnaha Manjit Sangha ayaa istaagay lix jeer iyagoo ku jirta qaybta daryeelka degdega ah (ICU) ee isbitaalka New Cross ee Wolverhampton.
Dhakhaatiirta qalliinka ee Isbitaalka Russells Hall ee deriska la ah Dudley ayaa markii dambe ku qasbanaaday inay labada lugood ka gooyaan jilibka hoostiisa, iyo sidoo kale labadeeda gacmood, faafitaanka xaaladda awgeed.
Gabadhan oo ah farmashiiste hore ayaa sidoo kale hore looga saaray beeryarada, waxaana hore ugu dhacay oof wareen iyo dhagax ka galay xameetida taasoo loo sheegay in ay u baahan karto qalliin dheeraad ah.
""Ma garanayn waxa dhacaya,"" ayay tiri. ""Bisha ugu horeysa waxba ma xasuusan.""
Kam Sangha oo ah 60 jir ayaa shaqada ka maqnaa muddo toddobo bilood ah si uu u taageero xaaskiisa. ""Weli itaalkeedu waa fiican yahay"" ayuu raaciyay.
Lamaanahan ayaa isbitaalka ku qaatay sannad-guuradii 37-aad ee guurkooda, sidoo kale Manjit Sangha ayey dhalashadiisa ku beegnayd xilliga kirismaska.
Lamaanuhu waxay hadda lacag u ururinayaan qalabka casriga ah, oo ay ku jiraan gacmaha laga yaabo inay robot-ka sameeyaan, kuwaas oo ay sheegeen inay ku kici karto tobanaan kun oo gini.
Ilaa hadda waxay soo ururiyeen in ka badan £22,000 iyada oo loo marayo bogga GoFundMe iyo lacag ururinta Screwfix, halkaas oo Manjit Sangha ay sidoo kale ka shaqayso maalmaha nasashada ee todobaadka.
In kasta oo ay og tahay in hawl adagi ku soo fool leedahay, haddana waxa ay sheegtay in ay go'aansatay in ay dib u dhisto nolosheeda.
""Waxaan rabaa inaan socdo,"" ayay tiri. ""Waxaan rabaa in aan helo qalabkayga macmalka oo aan ku laabto shaqada, waa waqtigii aan socon lahaa hadda.""
© 2026 BBC. BBC masuul kama ahan macluumadka bogagga kale ee dibadda. Akhri xogta ku saabsan sida aan u abaarno bogagga dibadda.",crime-related
https://www.bbc.com/somali/articles/c1e99lj504lo,"Dhegeyso: Jawaabta ay xildhibaanada Puntland ka bixiyeen xarigga la taliyaha Deni oo Muqdisho lagu xiray
Maamulka Puntland ayaa cambaareeyay waxa ay ku tilmaameen ""afduub"" loo geystay mid ka mid ah la-taliyayaasha madaxweynaha Puntland oo la yiraahdo Axmed Cabdi Hurre.
Wararka ayaa sheegaya in ciidamo ay ka kaxaysteen Airport Hotel ee Muqdisho, halkaas oo uu ku sugnaa la taliyaha Siciid Deni.
Dhacdadaas ayey xildhibaanno goobta kula sugnaa sheegeen in gacan loogu qaaday.
Xariggan ayaa ku soo beegmay ayadoo la filayo in maanta ay xildhibaannada baarlamaanku u codeeyaan qodobbo ka mid ah dastuurka, talaabadaas oo Puntland ay ka hor timid.
Dhanka kale qoraal ay booliska Soomaaliya ku baahiyeen baraha bulshada ayay ku sheegeen in Axmed Hurre oo lagu xiray muqdisho uu Amniga Khatar ku ahaa, baarisna ay ku socoto.
BBC waxay isku dayday inay faahfaahin dheeraad ah ka hesho booliska hase yeeshee nooma aysan suurto galin.
Haddaba waxaan la xiriirnay mid ka mid ah xildhibaannadii la joogay Hurre, si gaar ahna BBC-du waxay la xiiriirtay Xildhibaan Saddaam Maxamuud Cabdi oo u warramay Xuseen Xasan.
© 2026 BBC. BBC masuul kama ahan macluumadka bogagga kale ee dibadda. Akhri xogta ku saabsan sida aan u abaarno bogagga dibadda.",crime-related
https://www.bbc.com/somali/live/cze0jr9rkryt,"TOOS, Israaiil oo cirka ka duqeynaysa Bayruut iyo Tehran iyo Maraykanka oo sheegay in duqeymaha Iiran ay si weyn u kordhi doonaan
You’re viewing a text-only version of this website that uses less data. View the main version of the website including all images and videos.
Israaiil waxay weerarro cusub ku qaaday Tehran iyo Bayruut, iyadoo ilaalada kacaanka Iiran (IRGC) ay sheegeen inay gantaallo ku rideen Tel Aviv, markii dagaalku uu galay maalintii toddobaad
Dowladda Soomaaliya ayaa ku dhawaaqday muddo kororsi hal sano ah, taasi oo uu siinayo dastuurka cusub ee Arbacadii la meel mariyay in muddo xileedka hay’adaha dowladda uu yahay 5 sano, sida uu sheegay guddoomiyaha baarlamanka Aadan Madoobe.
‘’Baarlamaanka wuxuu shaqayn doonaa inta dastuurka uu tilmaamay. Dastuurka kan hadda la ansixiyay inta uu tilmaamay buu baarlamanku joogi doonaa. Kii KMG ma aha yaah… Dastuurka rasmiga ah inta uu tilmaamay ayuu baarlamanka shaqeyn doonaa iyo hay’adaha dastuuriga ah’’
Xildhibaanada ka maqan fadhiyada baarlamanka ayuu ugu baaqay inay soo xaadiraan kulamada goloha si loo sii waddo shaqooyinka muddada sanandka ee haatan uu sheegay Madoobe inuu ugu oggolaanayo dastuurka cusub ee 222 xildhibaan ay u codeeyeen.
‘’Kalfadhiyada noo harsan Insha Allaah shuruuc badan oo laga gaari waayay iyo waxyaabo badan oo dowlad dhiska kamid ah fadhiyada noo harsan samayn doonaa, xoogaa fursad ah ayaan siinaynaa xildhibaanada, fasaxa waan u dheeraynaynaa si si ay cibaadada usoo gutaan. Xildhibaanadii la ganaaxayna waxay lamid yihiin xildhibaanada kale… imaada ganaaxiini waa dhammaaday’’
Ciidamada Israa’iil ayaa sheegay in weerarradoodii habeenkii hore ay ku beegsadeen waxa ay ugu yeereen “kaabayaasha nidaamka” ee Tehran. Waxay sidoo kale sheegeen inay weerarayaan “kaabayaasha Hezbollah” ee meelaha xoogga badan ee kooxda hubeysan ku leeyihiin Bayruut.
Milatariga Israaiil ayaa xoogga saaraya waxa ay ku tilmaamayaan “tallaabo isku duuban” iyo “iskaashi taariikhi ah oo dhab ah” oo ay la leeyihiin ciidamada Maraykanka.
Taliyaha guud ee Ciidanka Israaiil, Eyal Zamir, ayaa sheegay in wejigii hore ee “weerarka lama filaan ah” uu ku lug lahaa helitaanka “ku awood roonaanta cirka” iyo weerar lagu qaaday goobaha gantaallada. Wuxuu sheegay in wejiga xiga uu jiri doono “lama filaano dheeraad ah” si “si kale loogu burburiyo nidaamka.”
Habeenkii, diyaaradaha dagaalka Israaiil ayaa fuliyay mowjad afraad iyo tobnaad ee weerarada Iran tan iyo Sabtida, iyadoo duqeymo culus laga soo sheegay Tehran iyo magaalooyin kale. Khamiistii, qaylo digniin u ah gantaallada Iran ayaa si isdaba joog ah uga dhawaaqayay Israaiil, iyadoo mid ka mid ah weerarrada la isticmaalay gantaal leh madaxa kooxaysan – in kastoo dhaawac la soo sheegin.
Lubnaan, qaraxyo dheeraad ah ayaa ka dhacay Bayruut koonfureed habeenkii, ka dib markii milatariga Israaiil uu digniino siiyay dadka inay ka baxaan xaafado dhan – taasoo abuurtay xaalado cabsi ah.
Madaxweynaha Maraykanka, Donald Trump, ayaa u sheegay NBC News in hadda ay tahay “wakhti lumis” in ciidamada Maraykanka loo diro Iiran, islamarkaana aysan ahayn wax uu hadda ka fikiraayo.
“Wakhti lumis ayey tahay. Waxay lumiyeen wax walba. Waxay lumiyeen ciidamada badda. Wax walba oo ay lumi karaan way lumiyeen,” ayuu Trump u sheegay NBC Khamiistii.
Wuxuu intaas ku daray in hadalladii hore ee Abbas Araghchi uu NBC ku sheegay in Iiran diyaar u tahay in la weeraro ciidanka dhulka ee Maraykanka ama Israa'iil ay ahayd “hadal waqti lumis ah”.
Trump sidoo kale wuxuu sheegay inuu doonayo inuu nadiifiyo qaab-dhismeedka hogaaminta Iran ee hadda jirta.
“Waxaan rabnaa inay yeeshaan hogaamiye wanaagsan. Waxaan haynaa dad qaar oo aan u maleynayo inay shaqo fiican qaban doonaan,” ayuu yiri, isagoo aan magacaabin qof gaar ah.
Warbixino ayaa sheegaya in duqeymo habeenkii ka dhacay Bariga Dhexe, iyadoo dagaalka u dhaxeeya Maraykanka‑Israa'iil oo isku dhinac ah l iyo Iiran uu galay maalintii toddobaad.
Inta lagu jiro dagaalkan, wariyayaasha BBC ayaa loo diray guud ahaan Bariga Dhexe. In kasta oo aanay joogin gudaha Iiraan, haddana saaxiibadeen ayaa ku guuleystay inay la xiriiraan qaar ka mid ah dadka gudaha dalka inkastoo internet-ka uu goo go’ayay.
Waa qaar ka mid ah waxa dadka dhulka joogay ay noo sheegeen:
Haddii aad hadda kusoo biirtay, kuwan waa horumarradii ugu muhiimsanaa ee saacadihii u dambeeyay:
Wasaaradda Maaliyadda ee Maraykanka ayaa si ku-meel-gaar ah u fududeysay cunaqabataynta si Hindiya loogu oggolaado inay iibsato saliid Ruush ah oo hadda ku xanniban badda.
Xoghayaha Maaliyadda, Scott Bessent, ayaa sheegay in oggolaanshahan 30-maalmood ah uu u saamaxayo saliidda inay sii gasho suuqa caalamiga ah, isla markaana uu “yareyn doono cadaadiska ka dhashay isku dayga Iiraan ay ku doonayso inay tamarta caalamka u afduubnaato.”
Tallaabadan, ayuu Bessent ku sheegay bartiisa X, inay tahay “go’aan si ula kac ah u ah oo ku-meel-gaar ah,” isla markaana “aan siin doonin faa’iido dhaqaale oo weyn dowladda Ruushka,” maadaama ay khusayso oo keliya saliid horay badda ugu xannibnayd.
Madaxweynaha Maraykanka Donald Trump ayaa cunaqabatayn saaray saliidda Ruushka kadib duullaankii Moscow ku qaaday Ukraine, taas oo ku qasabtay iibsadayaasha inay raadiyaan ilo kale oo saliid ah.
Washington ayaa si gaar ah cadaadis u saartay Hindiya—oo ah iibsade weyn oo tamarta Ruushka ah—si ay u joojiso iibsashada saliidda Ruushka, si loo yareeyo lacagta loo isticmaalo maalgelinta duullaanka.
Wasaaradda Gaashaandhigga ee Qatar ayaa sheegtay in ciidanka cirka ee dalkaasi ay si guul leh u joojiyeen weerar ay fulinayeen diyaarado aan duuliye lahayn (drone) oo lagu bartilmaameedsaday saldhigga cirka ee Al-Udeid, kaas oo ah saldhigga ugu weyn ee ciidanka Maraykanka ku leeyihiin Bariga Dhexe.
Warkan ayaa yimid ka dib markii dowladda Qatar ay hore digniino amni ugu dirtay taleefoonnada gacanta ee dadka ku nool dalka, iyagoo uga digay dadka inay ka fogaadaan daaqadaha iyo meelaha bannaan.
Xisbullah ayaa uga digtay dadka Israa’iil ee deggan magaalooyinka ku jira 5 km (3 mayl) gudaha xadka Lubnaan inay si degdeg ah uga guuraan.
Digniintan ayaa lagu baahiyay fariin lagu qoray afka Cibraaniga oo lagu daabacay kanaalka Telegram ee ururka subaxnimadii Jimcaha hore, sida ay sheegtay Reuters.
“Duullaanka ay ciidankiinnu ku hayaan madaxbannaanida Lubnaan iyo muwaadiniinta nabadda ah, burburinta kaabayaasha rayidka, iyo ololeyaasha barakicinta ee aad waddaan ma ahaan doonaan kuwo aan jawaab laga bixin,” ayay tidhi Xisbullah.
Ciidamada Israa’iil ayaa bilaabay mowjad weerarro ah oo ka dhan ah Lubnaan fiidkii Khamiista, kadib markii ay dadka ku amreen inay ka baxaan xaafadaha koonfureed ee magaalada Beyruut, oo ah goob ay si weyn uga xooggan tahay Xisbullah.
Wax yar ka horna, ciidanka Israa’iil (IDF) ayaa sidoo kale sheegay inay bilaabeen “mowjad ballaaran oo weerarro ah oo lagu beegsanayo kaabayaasha nidaamka argagixisada ee Iran ee magaalada Tehran.”
Wasiirka arrimaha dibadda ee Iran, Abbas Araqchi, ayaa wareysi uu siiyay NBC ku sheegay in Iiraan aysan dalban xabbad-joojin ama wada-xaajood ay la gasho Maraykanka
“Xaqiiqadu waxay tahay inaanan lahayn waayo-aragnimo wanaagsan oo ku saabsan wada-xaajood lala yeesho Mareykanka, gaar ahaan maamulka hadda jira. Waxaan wada-xaajoonnay laba jeer sanadkii hore iyo sanadkan, waxaana dhexda wada-xaajoodka ay nagu qaadeen weerar,” ayuu yiri Araqchi.
Wasiirka arrimaha dibadda ee Iiraan ayaa sidoo kale sheegay inuusan wax xidhiidh ah la yeelan Steve Witkoff ama Jared Kushner tan iyo toddobaadkii hore.
Isagoo ka jawaabaya su’aal ku saabsan suuragalnimada weerar dhulka ah oo Mareykanku ku qaado iyo sida Iiraan uga falcelin doonto, ayuu sheegay in ciidamada milatariga ee dalkiisu ay sugayaan iska horimaad dhulka ah oo ay la galaan askarta Mareykanka, sababtoo ah sida uu sheegay “waxaan ku kalsoonahay inaan la tacaali karno, taasina waxay u noqon doontaa musiibo weyn.”
Wuxuu sidoo kale ka hadlay weerarrada Iiraan ku qaaday dalalka gobolka, isagoo yiri: “Waxaan beegsanay bartilmaameedyo Mareykan ah iyo saldhigyo iyo xarumo Mareykan ah oo nasiib darro ku yaalla dhulka dalalka deriska nala ah.”
Wasiirka arrimaha dibadda ayaa sidoo kale ka hadlay weerar Mareykanku ku qaaday markabka IRIS Dena, kaas oo sababay dhimashada 87 badmaax oo ku sugnaa Badweynta Hindiya. Wuxuu yiri: “Markabka ku degay Badweynta Hindiya ma uusan hubaysnayn, wuxuuna siday saraakiil tababar ku jiray. Weerarka markabkan waxaa loo arkaa dambi dagaal, waxuuna ficilkaas Mareykanku ku abuuray xaalad aad u halis ah.”
Wasiirka ayaa sidoo kale ka hadlay taageerada milatari ee ay Iiraan ka helayso Shiinaha iyo Ruushka, isagoo sheegay: “Iskaashiga milatari ee naga dhexeeya Ruushka muddo dheer ayuu ahaa mid si fagaare ah loo ogaa.” Si kastaba ha ahaatee, wuxuu sheegay inuusan bixin doonin faahfaahin dheeraad ah oo ku saabsan iskaashigaas sababo la xiriira xaaladda dagaalka.
Wasaaradda Arrimaha Gudaha ee Bahrain ayaa sheegtay in laba hoteel iyo dhisme la deggan yahay oo ku yaal caasimadda Manama lagu bartilmaameedsaday weerar ay fulisay Iran.
Weerarkan ugu dambeeyay wuxuu sababay “khasaare hantiyeed balse ma jiro wax dhimasho ah”, ayay Wasaaradda Arrimaha Guduhu ku sheegtay qoraal ay ku daabacday X.
Horaantii toddobaadkan, saldhigga ciidanka badda ee Maraykanka ee ku yaal Bahrain ayaa sidoo kale lagu weeraray gantaallo ay ridday Iran.
Maraykanka ayaa amar ku bixiyay in la daadgureeyo safaaraddiisa ku taalla Kuwait, sida ay werisay CBS News, oo bahwadaag la’ah BBC-da.
Daadgureyntan ayaa la qorsheeyay inay dhacdo habeenka u dhexeeya illaa Jimcaha, waxaana shaqaalaha safaaradda lagu amray inay burburiyaan xogta iyo inay tirtiraan keydadka xogaha sirta ah, sida ay laba sarkaal oo Mareykan ah u sheegeen CBS.
Amarka daadgureynta ayaa yimid xilli ciidanka Kuwait ay sheegeen in difaacooda cirka ay iska caabiyeen weerar gantaal ah oo soo galay hawada dalka.
“Hawlgalkii lagu soo riday gantaalka wuxuu sababay in qaar ka mid ah burburka uu dhulka ku dhaco, taasoo keentay khasaare yar oo hanti ah oo ku koobnaa dhaawac soo gaaray hal gaari, iyadoo aan wax dhaawac ah oo dad ah la diiwaangelin,” ayuu ku qoray afhayeen u hadlay milatariga Kuwait bayaan lagu daabacay X.
Halkan waxaa ku qoran qodobbada ugu muhiimsan ee laga soo qaatay hadal jeedintii ay dadweynaha u sameeyeen saacadihii la soo dhaafay Wasiirka Gaashaandhigga Maraykanka Pete Hegseth, Madaxa Taliska Dhexe ee Maraykanka Brad Cooper, iyo madaxweynaha Maraykanka Donald Trump:
Waxaan quusinay in ka badan 30 markab oo Iiraan ah, sida uu sheegay madaxa Taliska Dhexe ee Maraykanka
Hadda waxaan ka maqaleynaa madaxa Taliska Dhexe , Admiral Brad Cooper.
Wuxuu sheegay in 72-kii saac ee la soo dhaafay, Maraykanku uu beegsaday ku dhowaad 200 bartilmaameed oo ku yaal Iiraan.
Sidoo kale wuxuu sheegay in Maraykanku ilaa hadda quusiyey in ka badan 30 markab oo Iiraan leedahay.
“Saacadihii ugu dambeeyay oo keliya, waxaan garaacnay markab Iiraan leedahay oo qaada diyaaradaha aan duuliyaha lahayn (drones), kaas oo cabbir ahaan la mid ah markabkii diyaaradaha qaadi jiray ee dagaalkii labaad ee aduunka. Hadda oo aan hadlayno, markabkaa wuu gubanayaa.”
Xoghayaha Difaaca Maraykanka Pete Hegseth ayaa hadda bilaabay warbixin ku saabsan khilaafka ka socda Xarunta Taliska Dhexe ee Maraykanka (US Central Command). Wuxuu sheegay in howlgalka Maraykanka ee Iiraan uu “si go’aan leh u socdo”.
“Iiraan waxay rajaynaysaa inaanan awoodin inaan sii wadno arrintan, taasina waa xisaab aad u khaldan,” ayuu yidhi
Hegseth ayaa wariyeyaasha u sheegay in Maraykanku uusan “in uusan wax gabaabsi ah oo hubka iyo rasaasta” ku saabsan, isla markaana Maraykanku uu awood u leeyahay inuu sii wado ololihiisa inta uu u baahdo.
“Waxaan kaliya hadda bilownay dagaalka, waxaana u dagaallamaynaa si go’aan leh,” ayuu intaa ku daray.
Madaxweynaha Maraykanka Donald Trump ayaa ka hadlay munaasabad ka dhacday Aqalka Cad, isagoo bixinaya war cusub oo ku saabsan Iiraan.
Wuxuu sheegay in ciidamada Maraykanka, oo ay weheliyaan Israel, ay “si buuxda u burburinayaan” bartilmaameedyada Iiraan, isla markaana hawlgalku uu ka socdo “si ka horreysa jadwalkii loo qorsheeyay”.
Trump ayaa sheegay in ay jireen “47 sano oo cabsi iyo dhibaato leh” oo lala soo maray dowladda Iiraan, isagoo ku eedeeyay nidaamkaas inuu waxyeello u geystay shacabka Iiraan ee aan waxba galabsan.
“Dadkeenna shaqo weyn ayay qabanayaan,” ayuu yidhi Trump.
Wuxuu intaa ku daray inuu leeyahay qorshe lagu xakameynayo qiimaha shidaalka inta uu khilaafkani socdo. Wuxuu sheegay in qiimaha shidaalku hore u hooseeyay, balse “waxaan ku qasbanaaday inaan qaado leexasho yar”.
Wuxuu sidoo kale sheegay in Maraykanku uu “saacad kasta” weerarayo awoodaha diyaaradaha aan duuliyaha lahayn (drone-yada) iyo gantaallada Iiraan.
“Sidaas darteed ma haystaan ciidan cirka ah, ma haystaan difaac cirka ah. Dhammaan diyaaradoodii way baaba’een, isgaarsiintoodiina way go’day,” ayuu yiri. “Marka laga reebo taas, si fiican bay u socdaan.”
Waxaan maqalnay in diyaarad Faransiis ah oo ku sii jeeday Bariga Dhexe si ay muwaadiniinteeda usoo daad gureyso lagu qasbay inay noqoto ka hor inta aysan gaarin sababtoo ah rasaas gantaallo ah oo ka dhacaysa gobolka.
Wasiirka Gaadiidka Faransiiska, Philippe Tabarot, ayaa sheegay in duulimaadka Air France ee qorshuhu ahaa inay soo qaado muwaadiniinta Faransiiska ee ku sugan Imaaraatka Carabta.
Mr Tabarot ayaa yidhi in ku noqoshada diyaaradda Faransiiska ay muujineyso xasilooni-darrada gobolka iyo sida ay u adag tahay in si nabad ah loo fuliyo howlaha dib-u-soo-celinta muwaadiniinta.
Caawa, digniino cusub oo taleefan ah ayaa loo diray dadka ku sugan Dubai, iyagoo ka digaya rasaasta Iiraan ee soo socota. Digniintii ayaa markii dambe la qaaday.
Madaxda Imaaraatka Carabta ayaa sheegay in lix gantaal Iiraan ah iyo in ka badan 100 drone la qabtay Khamiistii. Lama soo sheegin wax dhimasho ama dhaawac culus ah.
Maraykanku wuxuu joojiyay howlaha safaaradiisa caasimadda Kuwait, sida ay sheegtay Wasaaradda Arrimaha Dibadda ee Maraykanka qoraal ay soo saartay.
Inkastoo aan la soo sheegin wax dhaawac ah oo soo gaaray shaqaalaha Maraykanka, Wasaaradda Arrimaha Dibadda ayaa sheegtay in badbaadada Maraykanka ku sugan dibadda ay tahay mudnaanta koowaad.
“Muwaadiniinta Maraykanka ee ku sugan Kuwait waa inay ka baxaan dalka, haddii ay si nabad ah u samayn karaan, iyagoo adeegsanaya gaadiid ganacsi ama habab kale oo la heli karo. Muwaadiniinta Maraykanka ee aan ka bixi karin waa inay meel gabaad ah tagaan,” ayay ku dartay warbixintu
Beyruud haddeer waa u habeennimo, waxaanan la hadlaayay dad seexanaya waddooyinka dhinacyadooda iyo gawaaridooda ka dib markii lagu qasbay inay ka baxaan guryahooda ku yaalla xaafadaha koonfureed ee magaalada.
“Caawa gaarigeenna ayaan ku nagaaneynaa. Meel kale ma jiro. (Meelahii) gabaadku way buuxsameen,” ayuu yidhi nin isagoo qoyskiisa kula shishaynayay waddada dhexdeeda ee bartamaha Beyruud.
Dhinaca kale, haweeney 23-jir ah oo aan la fariisatay gabadheeda laba bilood jirka ah ayaa iii sheegtay inay si degdeg ah usoo carartay kadib markii Israel ay soo saartay amar aan horay loo arag oo ku amray boqollaal kun oo qof inay ka baxaan guryahooda.
“Kaliya xafaayado ayaan keenay. Xitaa caano ma keensan,” ayay tiri, iyadoo intaa ku dartay inay ka walwalsan tahay waxa habeenku keeni doono.
Haweeney kale oo ku sugneyd beerta, oo ka timid Dahieh oo ah xarun ay xoog ku leeyahiin kooxda Hezbollah ee taageerta Iiraan ayaa ooyday markay ka hadashay cabsi ay ka qabto waxa dhacaya.
“Waxaan la qabsaday dhawaaqa [bambaanooyinka] guriga. Ma doonayn inaan ka tago,” ayay tiri Monira Hassan.
“Ma garanayo waxa aan mar kale dhihi karo. Kaliya waxaan rabay inaan guriga ku sii nagaado.”
Qaar kale waxay muujiyeen taageeradooda Hezbollah, iyadoo nin sheegay inuusan ka baqayn inuu dhinto si uu “u difaaco una ilaaliyo dhulkayaga.”
Taliyaha guud ee Ciidamada Difaaca Israel ayaa sheegay in ay “u gudbayaan wejiga xiga ee howlgalkooda” ka dhanka ah Iiraan, isaga oo ku adkeeyay inay “sii burburin doonaan nidaamka iyo awoodihiisa milatari”.
Taliyaha guud ee IDF, Lt Gen Eyal Zamir, ayaa sheegay in Israel iyo Maraykanku ay “si istiraatiiji ah u go’iyeen Iiraan” isla markaana ay geeyeen meel daciifnimo ah “aan hore loo arag”.
Wuxuu sheegay in muddo lix maalmood ah Israel ay “weeraraysey Iiraan iyada oo aan hakad galin” iyo in “howlgalku uu socdo xawaaraha aan qorsheynay inuu ku socdo”.
Wuxuu qoraalkiisa ku yidhi: “Ka dib marka aan dhameystirno wejigii weerarka lama filaanka ahaa, kaas oo aan ku xaqiijinay sareynta cirka iyo inaan joojinnay nidaamka gantaallada, hadda waxaan u gudbaynaa wejiga xiga ee howlgalkiisa.
“Wejigan, waxaan sii burburin doonaa nidaamka iyo awoodihiisa milatari. Waxa jira lama filaan kale oo horey noo sugaya oo aanan damacsaneyn inaan shaaciyo.”
Qoraalkiisa ayaa sidoo kale u gudbay xaaladda Lubnaan, isagoo sheegay in Hezbollah ay sameysay “khalad istiraatiiji ah” markii ay ku biirtay dagaalka, ayna Israel “weerararo xoog leh ka wado, khadka hore iyo gudaha Lubnaan”.
© 2026 BBC. BBC masuul kama ahan macluumadka bogagga kale ee dibadda. Akhri xogta ku saabsan sida aan u abaarno bogagga dibadda.",crime-related
https://www.bbc.com/somali/articles/c4grjjll5ljo,"Dhegeyso: Rabshadihii maanta ka dhacay gudaha baarlamaanka Federaalka
Rabshado kale ayaa saaka hareeyay kulan ay lahaayeen xildhibaanada labada aqal ee Barlamaanka Soomaaliya, kaasi oo ajandaha looga hadli lahaa uu ahaa in laga doodo soo jeedimaha wax ka badalka dastuurka cutubka afaraad, gaar ahaa soo jeedimaha wax ka badal kooban ee qodobada 94-aad, 50-aad iyo 54-aad.
Xildhibaan ka tirsan barlamaanka Federaalka ayaa sheegtay in la dhawaacay kadib markii uu 'askari ka tirsan ciidamada booliska u gacan qaaday', waa sida ay hadalka u dhigtaye.
Weriyaha BBC-da ee Muqdisho Ibraahim Maxamed Aadan ayaa weydiiyay xildhibaan Cadar Xareed sida ay maanta Barlamaanka wax uga dhaceen, ka dibna warbixintan ayuu ka diyaariyey.
© 2026 BBC. BBC masuul kama ahan macluumadka bogagga kale ee dibadda. Akhri xogta ku saabsan sida aan u abaarno bogagga dibadda.",crime-related
https://www.bbc.com/somali/articles/cqxdg4l47lyo,"Sidee ayay rabshadaha Mexico u saamayn karaan Koobka Adduunka?
Xigashada Sawirka, Getty Images
Martigelinta wadajirka ah ee Mexico ee Koobka Adduunka ee Fifa xagaagan ayaa laga yaabaa in ay halis gasho sababo la xiriira rabshadaha maandooriyaha ee bilowday Axaddii, sida ay khubaradu u sheegeen BBC Sport.
Kooxda maandooriyaha ka ganacsata ee la yidhaahdo Jalisco New Generation (CJNG) oo ka mid ah ururrada dambiyada ee ugu awoodda badan looguna cabsada badan yahay dalkaas ayaa ku lug yeelatay iska-horimaadyo hubeysan oo ay la gashay milatariga Mexico, waxayna xireen waddooyin isla markaana waxa ay gubeen gaadiid, iyaga oo ka jawaabaya dilka hoggaamiyahooda Nemesio Oseguera Cervantes, oo loo yaqaannay ""El Mencho"", intii lagu jiray hawlgal uu fuliyay ciidanka.
Ugu yaraan 25 askari oo ka tirsan Ilaalada Qaranka ayaa lagu dilay muddo 24 saacadood gudahood ah.
Guadalajara, oo ah caasimadda gobolka Jalisco islamarkaana hoy u ah in ka badan hal milyan oo qof, ayaa loo qorsheeyay inay martigeliso afar kulan oo tartanka xagaagan ah. Shan kale ayaa lagu qaban doonaa Magaalada Mexico, afar kalena Monterrey.
""Guud ahaan, kooxaha maandooriyahu waxay dan dhaqaale ayay ka leeyihiin in Koobka Adduunku uu u dhaco si nabad ah,"" ayuu yidhi Dr Eskauriatza. Waxaana uu intaas ku daray
""Haa, waxay laaluushaan siyaasiyiinta iyo booliska maxalliga ah, balse sidoo kale waxay iibsadaan maqaayado oo huteello ayey leeyihiin. Waxay qayb ka yihiin nidaamka dhaqaale.
BBC Sport ayaa la xiriirtay Fifa si ay uga hesho jawaab.
Waxaa lagu qiyaasaa in CJNG ay leedahay hanti ka badan £10 bilyan, waxayna leedahay tobannaan kun oo xubno ka ah. Tan iyo markii la aasaasay 2009, waxay masuul ka ahayd taxane dhibaatooyin ah oo ay ka mid yihiin xasuuqyo, afduubyo iyo dilalka siyaasiyiinta.
Laakiin qaar ka mid ah hoggaamiyeyaasha kooxda maandooriyaha waxay weli caan ka yihiin bulshooyinka maxalliga ah ee Mexico, maadaama ay maalgelin u sameeyaan kaabayaasha iyo adeegyada deegaanka.
Dowladda Maraykanka ayaa dadka Maraykanka ee ku sugan Jalisco ku talisay inay gudaha guryahooda ku sugnaadaan ilaa ogeysiis dambe, halka dalka Canada, oo sidoo kale martigelinaysa Koobka Adduunkau ay joojisay duulimaadyada garoonka diyaaradaha ee Puerto Vallarta.
Qorshaha amniga ee Koobka Adduunka ayaa indhawaale ahaa mid si dhow isha loogu hayo sababtoo ah howlgallada saraakiisha ImmiLaanta socdaalka Maraykanka (ICE) ee loo diray magaalooyinka waaweyn ee Maraykanka oo ah howlgallo uu amray Madaxweyne Donald Trump, kuwaas oo ilaa hadda keenay in laba muwaadin oo Maraykan ah lagu dilay magaalooyinkaas.
Bishii hore, Taageerayaasha Kubadda Cagta ee Yurub ayaa sheegay inay ""aad uga walaacsan yihiin sii socoshada hawlgalladaasi ee ciidamada booliiska ee Maraykanka.""
Hadda indhuhu waxay ku jeedaan Mexico iyo su'aasha ah in ay augi karto ammaanka taageerayaasha safarka ah.
Afar kulan oo kubadda cagta ah oo ay laba yihiin horyaalka sare iyo laba heerka labaad ayaa dib loo dhigay Axaddii sababo la xiriira rabshadaha.
Xigashada Sawirka, Getty Images
Sannadkii la soo dhaafay, Mexico waxaa saaranaa cadaadis siyaasadeed oo kordhay si tallaabo looga qaado kooxaha maandooriyaha.
""Jawaabtan ma aha mid gaar ah balse waa mid aad u culus oo baaxad weyn leh,"" ayuu yiri Jon Benjamin, safiirka Ingiriiska ee Mexico intii u dhaxaysay 2021 iyo 2024.
""Madaxweyne Trump ayaa kooxaha maandooriyaha u aqoonsaday ururro argagixiso, Mexico-na hore waxay u gudbisay tiro ka mid ah hogaamiyeyaasha kooxahaas. Arrinta Trump waxay muhiimad weyn ku leedahay waxa hadda dhacaya.""
© 2026 BBC. BBC masuul kama ahan macluumadka bogagga kale ee dibadda. Akhri xogta ku saabsan sida aan u abaarno bogagga dibadda.",crime-related
https://www.bbc.com/somali/articles/cgqgn54pgkgo,"Xiisadda Itoobiya iyo Eriteriya: Sidee ayay u saamayn kartaa Soomaaliya?
Asmara ayaa iyada oo ka falcelinaysa bandhig milatari oo toddobaadkii hore ay Addis Ababa qabatay iyo hadallo ay mas'uuliyiinta dalkaasi ka jeediyeen munaasabaddaas, waxay sheegtay in arrintaasi uu yahay ""xadgudub cad oo ka dhan ah madaxbannaanida iyo midnimada dhuleed ee deriska iyo dalalka gobolka.""
Wasiirka Warfaafinta, Yemane Gebremeskel, ayaa jawaab uu bixiyay ku sheegay in hadalkii Ra'iisul Wasaaraha Itoobiya uu ahaa ""mid sun ah oo kicin ah.""
Abiy Axmed ayaa 22-kii bishan khudbad uu jeediyay ku sheegay in dalkiisu awooddiisa millatari u kala wareejiyay ""min tababar dhul ilaa tababar badeed,"" isla markaana uu ilaalin doono marin-badeedka gobolka oo ku teedsan Soomaaliya ilaa dekedda Casab ee Ereteriya.
Abiy, oo ka hadlayay xus gaar ah oo 65 sano ah oo ka dhacay magaalada Hawassa ee gobolka Sidama, ayaa sidoo kale tilmaamay in Itoobiya dhistay ""ciidan gaar ah"" oo burburin kara bartilmaameedyo iyada oo adeegsanaysa diyaarado aan duuliye lahayn (drones) nooca kamikaze.
Hadalladan is dhaafsiga ah ayaa imanaya xilli xiisad ka dhex aloosan tahay Itoobiya iyo Ereteriya sababo la xiriira dalabka soo noqnoqda ee Addis Ababa ee ku aaddan helitaanka marin-badeed madaxbannaan, iyo sidoo kale xiisad u dhaxaysa dowladda federaalka Itoobiya iyo TPLF.
""Ujeedkeenna waa dhisidda ciidan gaar ah oo ka hortaga dagaal isla markaana soo afjara dagaal… Itoobiya lama cabsi gelin karo mana la cabsi gelin doono,"" ayuu yiri Abiy.
""Diyaargarowgeennu guud ahaan wuxuu ku wajahan yahay xaqiijinta nabadda iyo barwaaqada Afrika, iyo in aan taageero iyo garab u noqonno dalalka gobolkeenna. Si taas loo fuliyo ayaanu tababarkii milatari uga wareejinnay dhulka una wareejinnay badda,"" ayuu raaciyay.
Wasiir Yemane oo qoraal ku baahiyay barta X, ayaa sheegay in ""mas'uuliyadda sugidda amniga Badda Cas ay saaran tahay oo ay khusayso dalalka ku teedsan.""
Warbixinada qotada dheer iyo wararka BBC Somali oo toos kuugu imanaaya WhatsApp.
Mas'uulka Ereteriyaanka ah ayaa sidoo kale isku dayay in hadalka Abiy la barbardhigo hadal uu laba sano ka hor jeediyay madaxweyniha gobolka Oromiya, Shimelis Abdisa, oo sheegay in ""sannadka soo socda aan ku dabaaldegi doonno Ciidda Irreecha Badda Cas.""
""In kasta oo xaaladda caalamku tahay mid adag oo aan degganayn, islamarkaana cadaadisyadu sii kordhayaan, xisbiga Barwaaqo wuxuu aamminsan yahay in uu si buuxda u jebin karo shuruucda caalamiga ah,"" ayuu yiri.
Warbixinnada ayaa sheegaya in sannadihii u dambeeyay iyadoo xiriirkii dhowaa ee ka dhaxeeyay Addis Ababa iyo Asmara uu daciifay islamarkaana isu beddelay kala fogaansho, ay labada dhinac ku mashquulsan yihiin tababarro millatari oo ballaaran iyo xoojinta hubka.
Waxaa sidoo kale la sheegay in dhaqdhaqaaqyada ay labada dal la sameynayaan kooxaha mucaaradka ah ee midba midka kale ay sii hurinayaan xiisadda.
Mas'uuliyiin Itoobiyaan ah ayaa ku eedeeyay dowladda Ereteriya inay xiriir la sameyneyso TPLF, oo khilaaf kala dhaxeeyo dowladda federaalka, isla markaana ay dhiseyso isbahaysi ka dhan ah Addis Ababa.
Waxay sidoo kale ku eedeeyaan inay xiriir iyo taageero la leedahay maleeshiyaadka Fano ee gobolka Amxaarada.
Xaaladdan ayaa dhalisay walaac weyn oo ku saabsan in labada dal, oo horey u soo maray dagaallo soo noqnoqday, ay mar kale u jiheystaan colaad ba'an.
Waxaa sidoo kale la tilmaamayaa in quwadaha shisheeye ee saameynta ku leh gobolka ay door ku leeyihiin sii hurinta xiisadaha.
Falanqeeyayaal ayaa ka digaya in xiisadda u dhexeysa Sacuudi Carabiya iyo Imaaraadka Carabta ay ku fidi karto Itoobiya, Ereteriya, Soomaaliya, Suudaan iyo Jabuuti.
Sidoo kale, tallaabada lama filaanka ah ee Israa'iil ay ku aqoonsatay Somaliland in ay tahay dal madax-bannaan, iyo arrimaha la xiriira quwadaha shisheeye sida Turkiga oo sii ballaarinaya saamayntiisa gobolka, ayaa muujinaya sida ay arrimuhu u murugsan yihiin.
© 2026 BBC. BBC masuul kama ahan macluumadka bogagga kale ee dibadda. Akhri xogta ku saabsan sida aan u abaarno bogagga dibadda.",crime-related
https://www.bbc.com/somali/articles/c4gjvegxr3yo,"Faahfaahin: Maxay muujinayaan sawirrada la sii daayey ee qolka hogaaminta dagaalka ee Trump uu kala socday weerarrada Iiraan?
Xigashada Sawirka, The white house
Aqalka Cad ayaa soo saaray afar sawir oo laga soo qaaday madaxweyne Trump iyo xubno ka tirsan golihiisa wasiirrada oo dusha kala socday duqaymaha cirka ee Iiraan, oo ay fuliyeen ciidamada Maraykanka iyo Israa'iil.
Marka si dhow loo eego dadka la sawiray iyo tafaasiisha soo baxaysa waxa ay daaha ka qaadaysaa wax badan oo ku saabsan waxa qolka ka dhacayay xilliyadaas ay xaaladdu kacsanayd.
Marka ay madaxweynayaasha Maraykanku bilaabaan tallaabo milatari, waxay sida caadiga ah sidaas ka sameeyaan gudaha xarun ammaan ah oo ku taal Aqalka Cad, taasoo si gaar ah loogu nashqadeeyey ujeedadaas, loona yaqaano qolka dagaalka.
Laakin Donald Trump ma uusan joogin Aqalka Cad markii ay billaabatay tallaabada militari saacadihii hore ee Sabtidii. Waxa uu joogay Mar-a-Lago, gurigiisa raaxada ee Florida, halkaas oo uu sidoo kale uu kala socday inta badan dhacdooyinkii Axadda, isagoo uu la hadlayey saxaafadda.
Qolka dagaalka ee Mar-a-Lago ayaa si buuxda loogu qalabeeyay madaxweynaha si uu halkaas ugala socdo dhaq-dhaqaaqyada ciidan, sidii uu horayba u sameeyay.
Mar-a-Lago ayaa laga sameeyey xarun macluumaadka sirta ah loogu talagalay, waxaana markii ugu horreysay la sameeyay 2017 ayadoo dib loo aasaasay ka hor inta uusan Trump ku soo laaban Madaxtooyada.
Xigashada Sawirka, The white house
Gelitaanka aagga si adag ayaa loo kontaroolaa, iyadoo leh sharciyo adag oo ku saabsan isticmaalka aaladaha elegtarooniga ah.
Sawir la qaaday ayaa muujinaya Donald Trump oo qaba koofiyad cad oo uu ku xardhan yahay magaca Maraykanka, isagoo kormeeraya xaaladda Iiraan.
Warbixinada qotada dheer iyo wararka BBC Somali oo toos kuugu imanaaya WhatsApp.
Waxay u muuqataa inay la mid tahay goobtii uu ka soo kormeeray hawlgalkii lagu qabtay madaxweynaha Venezuela Nicolás Maduro bishii Janaayo.
Khariidadda weyn ee xagga dambe waxay muujinaysaa goobaha ay joogaan millatariga ee muhiimka ah ee gobolka, oo ay ku jiraan laba kooxood oo ah dayaaradaha weerarka qaada iyo saldhigyo ay deggan yihiin ciidammada Maraykanka.
Dheemanka casaanka ah ayaa muujinaya bartilmaameedyada ballaaran ee Iiraan gudaheeda oo ah farqi muhiim ah oo ka duwan weerarradii diiradda lagu saaray ee ay Mareykanka iyo Israa'iil ku qaadeen xarumaha Nukliyeerka Iiraan bishii Juun ee la soo dhaafay.
Hore waxaa fadhiya laakinse aysan kaamaradu aysan si fiican u qaban agaasimaha CIA John Ratcliffe oo u muuqda inuu la hadlayo madaxweynaha waqtiga saxda ah ee sawirka la qaaday.
Wararka ayaa sheegaya in CIA-da ay muddo bilo ah ku raad joogtay Ayatollah Cali Khamenei oo ay mas'uul ka ahayd inay go'aamiso halka uu ku sugan yahay ka hor weerarradii ugu dambeyntii lagu dilay.
Marka laga soo tago in uu noqday Xoghayaha Arrimaha Dibadda, Marco Rubio waxa uu sidoo kale u dhaqmay sidii ku simaha la taliyaha amniga qaranka sagaalkii bilood ee la soo dhaafay, taasoo ka dhigtay lataliyaha ugu weyn ee Trump ee arrimahan.
Waxa uu sidoo kale mas'uul ka ahaa wargelinta xubnaha loogu yeero ""Gang of Eight,"" kooxda laba-geesoodka ah ee isu keenta hoggaamiyeyaasha ugu weyn ee Jamhuuriga iyo Dimuqraadiga ee Senate-ka iyo Aqalka Wakiilada, ee ku lugta leh hawlgalka Epic Fury ka hor weerarrada.
Xigashada Sawirka, The white house
Gelitaanka aagga si adag ayaa loo kontaroolaa, iyadoo leh sharciyo adag oo ku saabsan isticmaalka aaladaha elegtarooniga ah.
Sawir la qaaday ayaa muujinaya Donald Trump oo qaba koofiyad cad oo uu ku xardhan yahay magaca Maraykanka, isagoo kormeeraya xaaladda Iiraan.
Waxay u muuqataa inay la mid tahay goobtii uu ka soo kormeeray hawlgalkii lagu qabtay madaxweynaha Venezuela Nicolás Maduro bishii Janaayo.
Khariidadda weyn ee xagga dambe waxay muujinaysaa goobaha ay joogaan millatariga ee muhiimka ah ee gobolka, oo ay ku jiraan laba kooxood oo ah dayaaradaha weerarka qaada iyo saldhigyo ay deggan yihiin ciidammada Maraykanka.
Dheemanka casaanka ah ayaa muujinaya bartilmaameedyada ballaaran ee Iiraan gudaheeda oo ah farqi muhiim ah oo ka duwan weerarradii diiradda lagu saaray ee ay Mareykanka iyo Israa'iil ku qaadeen xarumaha Nukliyeerka Iiraan bishii Juun ee la soo dhaafay.
Hore waxaa fadhiya laakinse aysan kaamaradu aysan si fiican u qaban agaasimaha CIA John Ratcliffe oo u muuqda inuu la hadlayo madaxweynaha waqtiga saxda ah ee sawirka la qaaday.
Wararka ayaa sheegaya in CIA-da ay muddo bilo ah ku raad joogtay Ayatollah Cali Khamenei oo ay mas'uul ka ahayd inay go'aamiso halka uu ku sugan yahay ka hor weerarradii ugu dambeyntii lagu dilay.
Marka laga soo tago in uu noqday Xoghayaha Arrimaha Dibadda, Marco Rubio waxa uu sidoo kale u dhaqmay sidii ku simaha la taliyaha amniga qaranka sagaalkii bilood ee la soo dhaafay, taasoo ka dhigtay lataliyaha ugu weyn ee Trump ee arrimahan.
Waxa uu sidoo kale mas'uul ka ahaa wargelinta xubnaha loogu yeero ""Gang of Eight,"" kooxda laba-geesoodka ah ee isu keenta hoggaamiyeyaasha ugu weyn ee Jamhuuriga iyo Dimuqraadiga ee Senate-ka iyo Aqalka Wakiilada, ee ku lugta leh hawlgalka Epic Fury ka hor weerarrada.
Xigashada Sawirka, The white house
Sawirkii ugu dambeeyay ee uu sii daayay Aqalka Cad ayaa muujinaya qolka dagaalka ee Washington, D.C., halkaas oo madaxweyne ku xigeenka JD Vance uu kormeeray howlgalka isaga oo ka garab sahqaynaya madaxweynaha, adeegsanayana Khadka isgaarsiinya ee teleconference. Shaabada madaxweyne ku xigeenka ayaa ka muuqata gidaarka.
Qolka dagaalku waa meel bannaan oo dhan 460-square mitir oo ka kooban saddex qol oo shirarka loogu tala galay, laguna qalabeeyay qalabka isgaarsiinta ee ugu casrisan, waxaana ka shaqeeya koox ka kooban 100 xubnood.
JD Vance, oo ka tirsanaa ciidamada Marines-ka Mareykanka muddo afar sano ah, ayaa ku dhaleeceeyay maamulladii hore inay ku lug leeyihiin iska horimaadyo hubeysan oo daba dheeraaday oo dibadda ah.
Todobaadki hore, Vance waxa uu sheegay in aysan jirin ""suurtagalnimada"" in ficilka Iran uu u horseedo Mareykanka ""dagaal sanado qaata oo ka socda Bariga Dhexe oo aan la ogeyn dhamaadkiisa"".
Waxa weheliya iyada oo ku jirta qolka qalalaasaha Tulsi Gabbard, Agaasimaha Sirdoonka Qaranka, iyo sidoo kale Xoghayaha Maaliyadda Scott Bessent iyo Xoghayaha Tamarta Chris Wright.
Axaddii ciidamada Maraykanka iyo kuwa Israa'iil waxay duqeeyeen in ka badan 1,000 bartilmaameed ah oo ku yaalla guud ahaan dalka Iiraan, iyagoo diiradda saaray xarumaha taliska iyo kantaroolka, difaaca hawada iyo goobaha gantaallada ballistic-ga ah, iyo sidoo kale xarunta guud ee ciidamada ilaalada kacaanka Islaamiga ah ee Iiraan.
© 2026 BBC. BBC masuul kama ahan macluumadka bogagga kale ee dibadda. Akhri xogta ku saabsan sida aan u abaarno bogagga dibadda.",crime-related
https://www.bbc.com/somali/articles/ckg11g8xqy8o,"Waa kuma Mojtaba Khamenei, ninka laga yaabo in uu noqdo hugaamiyaha ruuxigaha ee cusub ee Iran?
Xigashada Sawirka, Tasnim News Agency
Kadib markii hogaamiyaha ruuxiga ah ee Iran Ali Khamenei lagu dilay duqeynta Mareykanka iyo Israel, dad badan ayaa is waydiiyay in wiilkiisa awooda badnaa ee Mojtaba uu isna dhintay.
Maalmo wax war ah kama soo kordhin. Laakiin Talaadadii (3-dii Maarso), warbaahinta dawladda Iran ayaa sheegtay in Mojtaba uu nool yahay oo uu ku hawlan yahay ""la-tashi iyo dib u eegis lagu sameeyo arrimaha muhiimka ah ee dalka"". Hase ahaatee, weli ma uusan imaan fagaare.
Mojtaba ayaa hadda loo arkaa mid safka hore kaga jira dadka badalaya aabihii, wakaaladda wararka ee Reuters ayaa ka soo xiganaysa laba il oo Iran ah. Sheegashada noocaan ah ayaa weli ah mid adag in la xaqiijiyo.
Dhanka kale, Golaha Khubarada - oo ah 88 xubnood oo culimo ah oo loo xilsaaray inay doortaan hoggaamiyaha ugu sarreeya - ayaa la sheegay inay ""ku dhow yihiin gabagabo"". Laakiin warkan lama filayo in la shaaciyo ka hor aaska Cali Khamenei, sida ay sheegtay wakaaladda wararka ee Fars News, taas oo xiriir la leh Ciidanka Ilaalada Kacaanka Islaamiga ah ee (IRGC).
Si ka duwan aabihiis, Mojtaba wuxuu si weyn isaga ilaaliyay muuqaalkiisu in uu meel walbo yaalo. Waligii xafiis dawladeed ma uu qaban. Mana uusan jeedin khudbado iyo wareysiyo, waxaana la daabacay sawiro iyo muuqaal kooban oo uu leeyahay.
Si kastaba ha ahaatee, waxaa jira warar xan ah oo soo jireen ah oo ku saabsan saameyntiisauu ku lahaa aabihiis. Xarkaha diblumaasiyadeed ee Maraykanka, oo ay daabacday WikiLeaks dabayaaqadii 2000-meeyadii, ayaa ku tilmaantay inuu yahay ""awoodda ka dambaysa maryaha"" oo loo arko inuu yahay ""hogaamiye karti iyo xoog leh"" gudaha nidaamka, sida ay sheegtay AP.
Laakiin doorashada suurtagalka ah ee Mojtaba Khamenei ayaa noqon karta mid muran dhalisa. Jamhuuriyadda Islaamiga ah waxaa la aas aasay sanadkii 1979-kii kadib markii la riday xukunkii boqortooyada, waxaana fikirkeeda ay ku saleysan tahay in hoggaamiyaha ugu sarreeya lagu doorto mawqifkiisa diineed iyo hoggaamintiisa la xaqiijiyay, ee aan lagu dooran dhaxal.
Cali Khamenei waxa uu si guud uga hadlay hoggaanka mustaqbalka ee Jamhuuriyadda Islaamiga ah.
Warbixinada qotada dheer iyo wararka BBC Somali oo toos kuugu imanaaya WhatsApp.
Khamenei ayaa ka soo horjeestay fikradda ah in Mobtaba uu yahay musharax u taagan hoggaanka mustaqbalka, xubin ka tirsan Golaha Khubarada ayaa sheegay laba sano ka hor. Laakiin waligiis si fagaare ah ugamuu hadlin mala-awaalkan oo kale.
Haddaba, waa ayo Mojtaba Khamenei?
Wuxuu ku dhashay 8 Sebtembar 1969 magaalada waqooyi bari ee Mashhad, Mojtaba waa qofka labaad ee lix carruur ah oo Khamenei dhalay. Waxbarashadiisa sare waxa uu ku qaatay dugsigii diiniga ahaa ee Alavi ee magaalada Tehran.
Isaga oo 17 jir ah, Mojtaba waxa uu ka tirsanaan jiray millatariga waqti kooban intii lagu jiray dagaalkii Iran iyo Ciraaq, sida ay sheegtay warbaahinta Iran. Iskahorimaadka dhiigga badan ku daatay ee siddeedda sano socday ayaa talisku tilmaamay shaki badan oo ay ka qabaan Maraykanka iyo reer galbeedka oo taageerayey Ciraaq.
Sannadkii 1999-kii, Mojtaba waxa uu aaday magaalada Qom, oo ah magaalo barakeysan oo loo arko xarun muhiim u ah fiqiga Shiicada, si uu u sii wato waxbarashadiisa diinta. Waxa xusid mudan in ilaa wakhtigan aanu xirnayn dharka culuumta, mana cadda sababta uu u go'aansaday in uu 30 jir u galo siminaar, maadaama ay caadi tahay in qofku marka uu ka yar yahay uu tago.
Mojtaba ayaa weli ah wadaad darajada dhexe ah, taasoo caqabad ku noqon karta noqoshadiisa hoggaamiyaha ugu sarreeya.
Xigashada Sawirka, West Asia News Agency Via Reuters
Maalmihii la soo dhaafay, qaar ka mid ah warbaahinta iyo saraakiisha ku dhow xarumaha awoodda ee Iran ayaa bilaabay inay Mojtaba Khamenei ugu yeeraan ""Aayatullah"", oo ah magac sare. Isbadalkan ayaa ugu muuqda qaar ka mid ah dadka indha indheeya in uu yahay mid uu ku doonayo in uu sare ugu qaado mawqifkiisa diineed oo uu u soo bandhigo in uu yahay musharax lagu kalsoonaan karo oo u taagan hogaanka sare ee dalka.
Nidaamka haysashada darajada ""Aayatullah"" iyo barida fasallada sare ayaa loo arkaa inay yihiin tilmaamaha heerka aqooneed iyo aqoonta qofka, waxaana loo arkaa mid ka mid ah shuruudaha xulashada hoggaamiyaha mustaqbalka.
Xilli hore, Ali Khamenei ayaa si degdeg ah loogu dallacsiiyay ""Aayatullah"" ka dib markii uu noqday hoggaamiyihii labaad ee ugu sarreeya 1989kii.
Magaca Mojtaba ayaa markii ugu horeysay soo shaac baxay doorashadii madaxtinimo ee 2005tii, taas oo uu ku guuleystay Mahmoud Ahmadinejad, oo ah nin aad u adag.
Waraaq furan oo uu u diray Khamenei, musharaxa isbedel doonka ah ee Mehdi Karroubi, ayaa Mojtaba ku eedeeyay in uu faragelin ku sameeyay codbixinta isagoo adeegsanaya IRGC iyo maleeshiyada Basij, kuwaas oo lacag u qaybiyay ururo diimeed si ay uga caawiyaan inuu ka guuleysto Axmadi Najad .
Afar sano ka dib, Mojtaba waxay wajahday eedayn la mid ah. Dib-u-doorashada Axmadi Najad waxay kicisay mudaaharaadyo ballaaran oo waddanka oo dhan loo yaqaanno Dhaqdhaqaaqa Cagaaran. Qaar ka mid ah dibadbaxayaasha ayaa ku dhawaaqayay erayo ay kaga soo horjeedaan fikradda ah in Mojtaba uu bedeli karo aabihiis oo ah hogaamiyaha ugu sarreeya Iran.
Xigashada Sawirka, Getty Images
Mostafa Tajzadeh, oo xilligaas ahaa wasiir ku xigeenkii arrimaha gudaha, ayaa natiijada ku tilmaamay ""afgambi doorasho"". Waxa uu xirnaa todobo sano, taas oo uu ku sababeeyay ""rabitaanka tooska ah ee Mojtaba Khamenei"".
Laba musharax oo isbedel doon ah, Mir-Hossein Mousavi iyo Mehdi Karoubi, ayaa lagu riday xabsi guri kadib doorashadii 2009-kii. Bishii Febraayo 2012, Mojtaba ayaa la kulmay oo ku booriyay Mousavi inuu ka tanaasulo mudaaharaadkiisa, ilo Irani ah ayaa u sheegay BBC News Persian.
Dad badan ayaa filaya in Mojtaba uu sii wadi doono siyaasadaha qalafsan ee aabihiis hadii uu noqdo badalka. Qaar ayaa sidoo kale aaminsan in ninka aabihiis, hooyadiis iyo xaaskiisa ku waayey duqeymaha Mareykanka iyo Israa'iil aysan u badneyn inuu u hoggaansamo cadaadiska reer galbeedka.
Balse waxa uu wajihi lahaa hawl aad u adag oo ah xaqiijinta jiritaanka Jamhuuriyadda Islaamiga ah iyo in uu shacabka ka dhaadhiciyo in uu yahay qofka saxda ah ee dalka u horseedi kara in uu dalka ka saaro burbur siyaasadeed iyo mid dhaqaale.
Taariikhdiisa hoggaamineed ayaa weli ah mid aan la tijaabin, iyo aragtida ah in jamhuuriyadda ay isu beddeshay hab la iska dhaxlo ayaa sii kordhin karta dareenka dadweynaha.
Haddii la doorto, Mojtaba wuxuu noqon doonaa nin calaamadsan - sida wasiirka gaashaandhigga Israa'iil uu sheegay in qofka beddelaya uu noqon doono ""bartilmaameed aan mugdi ku jirin oo la ciribtirayo"".
© 2026 BBC. BBC masuul kama ahan macluumadka bogagga kale ee dibadda. Akhri xogta ku saabsan sida aan u abaarno bogagga dibadda.",crime-related
https://www.bbc.com/somali/articles/cz7gg2eq799o,"Yuu ka hor dhamaan karaa hubka,ma Iraan mise Mareykanka iyo Israa'iil?
Xigashada Sawirka, Getty Images
Iyadoo dagaalka ay Mareykanka iyo Israel kula jiraan Iran uu galay maalintiisii lixaad, saadaasha badan ee ku saabsan suurtagalnimada xabbad-joojin ama degganaansho ayaa inta badan diiradda saaray awoodda milatari ee dhinacyada dagaallamaya si ay dagaalka u sii wadaan, halkii ay xoogga saari lahaayeen waddooyinka diblomaasiyadeed.
Borobagaandada dagaalka waxay ku khasabtaa labada dhinac inay aad uga taxaddaraan sida ay u soo bandhigayaan awooddooda difaac iyo weerar, mararka qaarkoodna xitaa way buunbuuniyaan.
Warbixintan waxay isku dayaysaa inay dib u eegto xaaladda, kana gudubto hal-ku-dhegyada iyo borobagaandada labada dhinac ee dagaalka, si ay uga jawaabto qaar ka mid ah su'aalaha weli taagan ee ku saabsan heerka iyo sii socoshada dagaalkan.
Xigashada Sawirka, Getty Images
Jamhuuriyadda Islaamiga ah ee Iran, oo dhowr bilood ka hor ku lug lahayd waxa loogu yeero ""Dagaalkii 12-ka Maalmood"", isla markaana la kulantay weerarro culus, ayaa shantii maalmood ee la soo dhaafay muujisay in, inkastoo awoodda difaac iyo weerar culus ee Mareykanka iyo sidoo kale Israel, ay weli awood u leedahay inay waxyeello gaarsiiso danaha Mareykanka iyo xulafadiisa.
Hay'adda sirdoonka difaaca ee Mareykanka, Defense Intelligence Agency, ayaa sanadkii 2019 ku dhawaaqday in Iiraan ay haysato kaydka gantaallada ugu weyn ahna noocyo kala duwan ee Bariga Dhexe oo dhan. Ku dhawaad toddobo sano ayaa ka soo wareegay markaas, inkastoo Iiraan ay isticmaashay qayb ka mid ah gantaalladeeda muddadan, haddana waxaa la aaminsan yahay in kayd badan uu weli jiray ka hor bilowga dagaalkan.
Ka hortagga kaydkan gantaallada ah waa hawsha ugu weyn ee nidaamyada difaaca gantaallada ee Mareykanka sida THAAD iyo Patriot, kuwaas oo loogu talagalay inay qabtaan oo burburiyaan gantaallada soo rido.
Khabiir sirdoon milatari ah ayaa u sheegay BBC Persian in Iran ay celcelis ahaan ridday 25 gantaal ballistic ah saacaddii tan iyo markii uu bilaabmay dagaalka, iyadoo u muuqata inay isku dayayso inay daaliso nidaamyada difaaca hawada ee Israel, Mareykanka, iyo xulafada gobolka.
Sida ku cad tirakoobka Center for Strategic and International Studies, Mareykanka wuxuu isticmaalay 150 gantaal oo THAAD ah si uu u difaaco Israel intii lagu jiray dagaalka socday 12 maalmood.
Warbixinada qotada dheer iyo wararka BBC Somali oo toos kuugu imanaaya WhatsApp.
THAAD waa nidaamka kaliya ee difaaca gantaallada ee Mareykanka oo awood u leh inuu burburiyo gantaallada ballistic-ga ah ee riddada gaaban, dhexdhexaadka iyo kuwa riddada dheer.
Mareykanka wuxuu sidoo kale gobolka geeyay nidaamyo dheeraad ah oo difaaca hawada ah, oo ay ku jiraan nidaamyada Patriot, balse labaduba waa qaali isla markaana tiradoodu xaddidan tahay.
April 2024, warbixin uu daabacay Bloomberg ayaa sheegtay in ay ku kacayso in ka badan $1 bilyan saacaddii si loo joojiyo gantaallada iyo diyaaradaha aan duuliyaha lahayn ee Iran.
Sida ay qabaan khubarada milatariga, waxaa si cad u jira farqi dhaqaale oo weyn oo u dhexeeya kharashka weerarka iyo difaaca ee u dhexeeya Iran iyo Mareykanka.
Si kastaba ha ahaatee, burburka weyn ee gaaray kaabeyaasha Iran afartan maalmood gudahood ayaa si weyn miisaanka ugu leexinaya dhinaca khasaaraha dhaqaale ee Iran ama waxa ka haraya dhaqaalahooda marka dagaalkani dhammaado.
Jonathan Hackett, oo hore uga tirsanaa sirdoonka US Marine Corps isla markaana sanado badan baarayay awoodaha milatari ee Iran, wuxuu qiyaasayaa in tirada ugu macquulsan ee kaydka gantaallada Iran ay tahay 3,000.
Wuxuu sheegay in qaybta ugu weyn ee kaydkan ay ka kooban tahay gantaallo ballistic ah oo riddo gaaban iyo kuwa dhexdhexaad ah. Wuxuu intaas ku daray in gantaallada masaafada dheer, kuwaas oo gaari kara Badda Mediterranean hal dhinac iyo Yemen dhinaca kale, ay aad uga yar yihiin tiradooda, isla markaana ay qaadato bilo in mid kasta la dhiso—gaar ahaan maadaama Mareykanka uusan si ballaaran u beegsan kaabeyaasha gantaallada ee Iran.
Laakiin difaaca ka dhanka ah gantaallada ama drones-ka Iran ma aha dagaal hal-gantaal oo hal-gantaal lagu qabto.
Si loo joojiyo oo loo burburiyo hal gantaal, waxaa badanaa loo baahan yahay 2 ilaa 3 gantaal oo ah nidaamyada difaaca gantaallada. Arrintan ayaa dhalisay walaac ka jira Washington, taas oo Donald Trump uu isku dayay inuu ka hadlo shalay.
""Meeleyaasha ay gantaallada ka ridaan waa la burburiyay, gantaalladooduna way sii dhammaanayaan. Rasaasta (hubka) masaafo-dhexe iyo midda ka sarreysa ee annaga noo taalla waa aan xad lahayn. Waxay sii wadi doonaan inay gantaallo ridaan muddo yar oo kale. Laakiin gantaalladoodu way sii yaraanayaan, sidoo kale meelihii ay ka ridi lahaayeena way sii dhammaanayaan sababtoo ah meelihii laga ridi jiray waa la burburiyay,"" ayuu yiri Donald Trump, madaxweynaha Mareykanka, wareysi uu siiyay Politico Talaadadii, Maarso 3.
Wuxuu sidoo kale sheegay in warshadaha difaaca ee Mareykanka ay xawaare buuxa ku soo saarayaan hubka loo baahan yahay.
Si kastaba ha ahaatee, Kelly Grieco oo ka tirsan machadka Stimson ayaa u sheegay jariidada Fortune: ""Waxaan isticmaaleynaa gantaallo ka hortag ah xawaare ka badan inta aan buuxin karno meelihii ka banaanaa.""
Xigashada Sawirka, Getty Images
Jonathan Hackett wuxuu sheegay in haddii tirakoobka kaydka gantaallada Iran uu sax yahay, haddii dalka uu sii wado isticmaalka gantaalladiisa xawaaraha ay hadda ku socdaan, ""waxay gantaallo ka dhamaan doonaan qiyaastii toddobaad gudihiis. Taasi waxay dhici doontaa ka hor inta aanay dhibaato dhab ah ka dhalan gantaallada difaaca ee Mareykanka iyo Israel.""
Wuxuu saadaaliyay in Iran ay u badan tahay inay hoos u dhigto qaabka gantaallada ay u rido, isla markaana ay u leexato isticmaalka ku dhawaad 80,000 drones oo ay lahayd ka hor inta uusan dagaalku bilaaban.
Si kastaba ha ahaatee, ma u arko arrintan mid sahlan: ""Heerka wax-soo-saarka drones-ka ee Iran waa mid aad u sarreeya, waxayna soo saari kartaa ku dhawaad 400 drones bishii, haddii kaabeyaasha la heli karo. Laakiin haddii aad eegto liiska goobaha ay Mareykanka iyo Israel beegsadeen maalmahan u dambeeyay.
Markii aan weydiiyay haddii xaddidaadaha nidaamyada difaaca gantaallada ee Mareykanka ay qasbi karaan dalka inuu beddelo istaraatiijiyadda ama xeeladaha dagaalka, wuxuu yiri: ""Waxaa la malayn karaa xaalad uu tirada kaydka hubka Mareykanka go'aamiso jihada istaraatiijiga, laakiin dhab ahaan ma jiraan xaalad uu dawladaha Iran haysto gantaallo ballistic, drones, iyo awoodaha taageerada ee ku filan inay xitaa u dhowaato qodobkaas.""
Laakiin taasi ma aha dhammaad. Sanado badan, Mareykanka wuxuu ciidamada qaar ka dhigay kuwa saaranmaraakiib iyo bakhaaro khaas ah oo ku kala yaalla adduunka si, haddii loo baahdo, si degdeg ah loogu soo diro hub iyo qalab cusub jiidda hore.
Tani waxay ka dhigan tahay haddii nooc ka mid ah gantaal difaac ama weerar la isticmaalo ka badan kuwa kale inta uu dagaalka socdo, Mareykanka waxaa uu markiiba uu dib u buuxin karaa si ka dhaqso badan sidii caadiga ahayd, ama wuxuu u wareegi karaa hub iyo habab kale, isagoo cadaadis dagaal saaraya nidaamyada kale.
Shanta maalmood ee la soo dhaafay, saraakiisha difaaca ee Mareykanka ayaa sidoo kale ka hadlay awoodahooda ""qarsoon"" ee la xiriira ka hortagga gantaalada Iran.
Jonathan Hackett wuxuu sheegay in ereyadaas badanaa loo isticmaalo marka laga hadlayo awoodaha dhanka cyber‑ka iyo hawada sare ee Mareykanka. Wuxuu tusaale u soo qaatay sida nidaamyada isgaarsiinta iyo difaaca ee Venezuela looga ""loo indha-saabay"" ka hor intii aan lagu duulin si Nicolás Maduro loo qabto — islamarkaana uu sheegay in Mareykanku horey u isticmaalay awoodo noocaas ah.
Wuxuu yiri: ""Haddii Mareykanku jebin karo GPS‑ka ama carqaladeyn karo nidaamka hagidda si gantaallada Iran aysan si sax ah u gaarin bartilmaameedyadooda, gantaalladaas waxay noqonayaan kuwa aan waxtar lahayn, xitaa haddii la rido. Drones‑kana aad bay ugu nugul yihiin carqaladaynta noocaas ah."" Wuxuuna intaas ku daray in Mareykanku u muuqdo inuusan weli si buuxda u aqoonsan in xaaladdu ay tahay mid aad u daran, taasoo loo baahan yahay in si buuxda loo isticmaalo dhammaan qalabkan dhanka cyber‑ka iyo hawada sare.
© 2026 BBC. BBC masuul kama ahan macluumadka bogagga kale ee dibadda. Akhri xogta ku saabsan sida aan u abaarno bogagga dibadda.",crime-related
https://www.bbc.com/somali/articles/cwyvy5jx9kpo,"Caadada ku salaysan in la uleeyo dadka lagu helo khaladaad ka baxsan dhaqamada bulshada
Dhaqan ahaan, edbinta iyo tarbiyeynta caruurta gabar ama wiil waxaa masuul ka ah aabbaha iyo hooyada reerka, waa in ay waaniyaan oo wax u sheegaan inta ay awoodaan, haddii arrintu ka baxdo gacantooda, waxa ay u gudubtaa beesha, dhaqanka noocaan ah waxaa loo yaqaan ""'Friend's room"", waxaana caado u leh qabiilka Guji oo kamid qabiillada Itoobiya.
Mudane Magarsa Baddacha waa oday ka tirsan degmadda Adoola Woyyu. Sida uu sheegay, waa hab-dhaqameed ay beesha ku ciqaabto qofka dembi sameeya.
""Aabbaha iyo hooyadu waa ay waaninaayaan wiilkooda ama gabadhooda, way edbinayaan, si habboonna way u barbaariyaan. Haddii ilmuhu ka baxo awooddooda ama uu diido talada, kuna kaco falal xad-dhaaf ah, markaas ciqaabtu waxay noqotaa mid beeleed,"" ayuu yiri.
Ka hor inta aan la ciqaabin, odayaasha beeshu waxa ay mar ama laba mar u yeeraan qofka khaladka galay, haddii uu sii wado inuu sameeyo waxii lagala hadlay, waxa la yiraahdaa 'Friend's room ayaa la galinayaa, waxaana lagu garaacaa ul (harcumme).
""Beeshu laba ama saddex jeer ayay ilmaha la fariisataa oo la waaniyaa, balse haddii uu diio talada. Markaas aabbaha, adeerka, walaalaha iyo qabiilka ayaa wada baxa, dhammaanna dhabarka ayay ul kaga garaacaan,"" ayuu yiri.
Dhaqan ahaan, qofka la ciqaabayo xitaa haddii lagu qabto goobta, kabaha iyo dharka ayaa laga bixiyaa, ul ayaana lala dhacaa.
Boru Meshii, oo ku dhashay kuna barbaaray degmadda Malka Soodda ee Galbeedka Guji, ayaa ka sheekeeya ciqaabta uu kala kulmay qolka ciqaabta xilligii caruurnimada.
""Tani waa habka uu Guji ku hago kuna barbaariyo wiilkiisa. Wiilku waa sida aabbaha; haddii uu ka baxo xeerka aabbaha, wuxuu u gudbaa qabiilka.""
Warbixinada qotada dheer iyo wararka BBC Somali oo toos kuugu imanaaya WhatsApp.
""Tani waa qaab dhaqan qofka reer Guji uu barbaariyo kuna hago wiilkiisa, waiilku waa inuu ahaadaa sida aabaha, haddii uu ka gudbo xeerka aabaha waxaa uu u gudbayaa qabiilka"".
Boru, markii uu ahaa dugsiga hoose ayuu dambi galay kadib markii uu ka cararay iskuulka waxa uuna maray ciqaabtiisii.
""Waxaan ka baxay fasalka lixaad, waxaana aaday wabiga oo dahab ka raadin jiray aabbahay arrinta u sheegay reerka, waa ay ii yimaadeyn, waxa ayna igu waaniyeen inaan dugsiga ku laabto. Sannad ka dib ayaan mar kale baxay oo halkii ku noqday.
""Markaas ayay beeshii iigu yimaadeyn webigii aan dahabka ka raadinayay, wayna i kaxeeyeen. Waxay yiraahdeen: 'Wiilkan waxaan ku waaninay inuu jidka saxda ah ku laabto, balse waa uu diiday talada oo isla falalkii ayuu ku noqday; sidaas darteed Qolka ciqaabta ayaan geeneynaa"".
Boru, oo xusuusanaya in guriga aabbihiis dhabarka ul lagula garaacay, ayaa sheegay in la garaacay ilaa dhabarkiisu uu ka gaduuto oo dhiig u ekaaday.
""Aad ayaan u xanaaqay, maxaa dadkan oo dhan iigu soo wada baxayn? Markii ay garaacista dhammeeyeen,kofee iyo subag ayey dhabarka ii mariyeen, waxa ayna igu waaniyeen inaan dib ugu laabto iskuulka oo aan waxbarashada ku noqdo,"" ayuu yidhi.
Dhaqankan ayaa marka hore u eg adag oo fogeenaya caruurta, balse waa mid faa'iido badan leh sida uu Boru qabo.
""Falkaa si weyn ayuu ii anfacay, hadda waan fahmay in dadkaasi aysan ii garaacin si ay dhibaateeyaan. Xitaa garaacista ka dib waxay kuu sheegayaan wanaagga, wayna ku waaniyaan.""
Isagoo ka duulaya wixii ku dhacay, Boru wuxuu leeyahay dhaqanka Qolka ciqaabta waa mid bulshada ka sifaysa falalka bani-aadanimo ka baxsan, ubadkana dib ugu soo celinaya jidka saxda ah.
Ciqaabta Qolkaan waxa ay ku saleesan tahay qofka qaadan waaya waana waalidka ama sameeya falal anshaxa ka baxsan sida: diidmada talada qoyska iyo qabiilka, xadgudubka waalidiinta, ku takri-falidda xaaska, iyo xirir kalmo lala yeesho qof qaraabada dhaw ah.
Ciqaabtan mararka qaar hal qof ayay ku koobnaan kartaa, halka waqtiyo kanala ay wada maraan dadkii dembiga galay. Si kastaba ha ahaatee, ciqaabtan waxa la fulinayaa marka beesha ay u aragto inay lama huraan tahay.
Habkan edbinta Qolka ciqaabta, qofka ay beesha ku garaacdo ul caleemo leh, ma laha rafcaan ama dacwad xitaa haddii uu dhaawac jidheed soo gaaro, inasta oo Kuwa garaacaya aysan gaarsiineyn dhaawac halis ah, maadaama ujeeddadu tahay wax-barid, sida ay yiraahdeen.
Sida dhaqanka Guji yahay, ilmaha waxaa waaniya, edbiya, kana saxaya aabbaha iyo hooyada. Haddii uu ka sii gudbo, beesha ayaa waanisa; haddii uu haddana ka gudbo, Qolka ciqaabta ayuu marayaa. Qof kasta oo weli sii wada falal bani-aadanimo ka baxsan xitaa ka dib Qolkaas waxa uu mutaystaa ciqaabta ugu dambaysa ee ah ka saarid qabiil.
Dhaqankani waa sharci-darro. Sharciga Itoobiya ma taageero ciqaab jidheed oo loo geysto carruur ama cid kale, laakiin dowladdu, ma cadda waxa ay ka qabanayso joojinta dhaqankan.
© 2026 BBC. BBC masuul kama ahan macluumadka bogagga kale ee dibadda. Akhri xogta ku saabsan sida aan u abaarno bogagga dibadda.",crime-related
https://www.bbc.com/somali/articles/ce944701078o,"Sida kaydka hubka ee sii yaraanaya uu u saameyn karo dagaalka Iiraan
Xigashada Sawirka, US Navy via Getty Images
Madaxweynaha Maraykanka Donald Trump ayaa sheegay in dalkiisu leeyahay ""keyd hub oo aan xad lahayn."" Dhanka kale, wasaaradda difaaca ee Iran waxay sheegtay inay leedahay ""awood ay isaga caabin karto cadowga"" muddo ka dheer intii Maraykanku qorsheeyay.
Kaydka hubka iyo sahayda keliya ma go'aamin doonaan natiijada dagaalkan. Ukraine muddo dheer ayay ka tiro yarayd kana hub yareyd Ruushka – laakiin waa arrin muhiim ah.
Xawaaraha iyo tirada weerarrada milatari ayaa aad u sarreeyay tan iyo bilowgii dagaalka. Labada dhinacba waxay durba isticmaalayaan hub ka badan inta warshaduhu soo saari karaan.
Machadka Daraasaadka Amniga Qaranka ee fadhigiisu yahay Tel Aviv (INSS) wuxuu qiyaasayaa in Maraykanka iyo Israa'iil ay hore u fuliyeen in ka badan 2,000 oo weerar, kuwaas oo mid kasta loo edeegsaday hub badan.
INSS waxay kaloo sheegtay in Iran ay hore u ridday 571 gantaal iyo 1,391 diyaaradood oo aan duuliye lahayn .Qaar badan oo ka mid ah ayaa la qabtay ama la soo riday.
Heerarkaan waxaa ay muujinayaan in labada dhinacba, ay ku adkaan doonta sii wadista dagaalka.
Saraakiisha reer Galbeedku waxay sheegayaan inay hore u arkeen hoos u dhac ku yimid tirada gantaallada ay Iiraan adeegsato, kuwaas oo ka soo degay boqolaal maalintii ugu horreysay ee dagaalka, haddana maraya ilaa tobannaan.
Ka hor dagaalka, waxaa la qiyaasayay in Iiraan ay haysato kayd ka badan 2,000 oo gantaallo ballistic ah oo ridda gaaban ah. Ciidan kasta ma baahiyo tirada saxda ah ee hubka uu haysto, maadaama macluumaadkaas la qariyo si aanay cadowgu u ogaan awoodda dhabta ah.
Warbixinada qotada dheer iyo wararka BBC Somali oo toos kuugu imanaaya WhatsApp.
Taliyaha ugu sarreeya ee Maraykanka, Gen. Dan Caine, ayaa Arbacadii sheegay in adeegsiga gantaallada ballistic-ka ee Iiraan ay hoos u dhaceen 86% marka loo eego maalintii ugu horreysay ee dagaalka Sabtidii. Taliska Dhexe ee Maraykanka ee Centcom ayaa sidoo kale sheegay in 24-kii saac ee u dambeeyay la arkay hoos u dhac gaaraya 23%.
Waxaa la aaminsanaa in Iiraan ay soo saarto tobannaan kun oo diyaaradaha aan duuliyaha lahayn ee la yiraahdo (Shahed) oo ay u adeegsan jirtay weerarrada ka hor dagaalka. Waxay sidoo kale farsamadan u dhoofisay Ruushka, kaas oo isticmaalaya nooc ka mid ah diyaaradaha Shahed si uu saameyn weyn ugu yeesho dagaalka Ukraine. Xitaa Maraykanka ayaa ka soo min guuriyay naqshadda.
Laakiin Caine wuxuu sheegay in duullimaadyada diyaaradaha ee Iiraan ay hoos u dhaceen 73% tan iyo maalintii ugu horreysay ee colaadda. Waxay u muuqataa in Iiraan ay la tacaalayso sidii ay u sii wadi lahayd hawlgallo culus oo joogto ah.
Weli waxaa suuragal ah in hoos-u-dhacan aadka u weyn uu yahay isku day lagu ilaalinayo kaydka hubka, laakiin sii wadidda wax-soo-saarku waxay sii ahaan doontaa mid aad u sii adkaanaysa.
Diyaaradaha dagaalka ee Maraykanka iyo Israa'iil hadda waxay kaga gacan-sarreyaan Iran hawada. Inta badan difaacyadii hawada ee Iran waa la burburiyey. Mar dambe ma laha ciidan cir oo la isku halayn karo. Taliska CENTCOM wuxuu sheegay in wejiga xiga ee dagaalku diiradda la saarayo ugaarsiga goobaha laga tuuro gantaallada iyo diyaaradaha aan duuliyaha lahayn ee Iran, kaydka hubkooda, iyo burburinta warshadaha soo saara hubkaas.
Hadda waxaa laga yaabaa inay u fududaato Maraykanka iyo Israa'iil inay wiiqaan awoodda Iran ee dagaalka. Laakiin way adkaan doontaa in gebi ahaanba la baabi'iyo dhammaan kaydka hubkooda.
Iran waa dal saddex jeer ka weyn Faransiiska. Hubkana weli waa lagu qarin karaa sida muuqata.
Taariikhda dhow waxay sidoo kale muujinaysaa xaddidaadda dagaallada hawada laga fuliyo. Ciidamada Israa'iil weli ma aysan baabi'in ururka Xamaas ee Qasa, inkastoo ay wadeen in ka badan saddex sano oo duqeyn xooggan ah. Sidoo kale fallaagada Xuuthiyiinta ee Yemen waxay ka badbaadeen olole duqeyn oo Maraykanku waday muddo hal sano ah, qaar ka mid ah hubkooduna sidoo kale way badbaadeen.
Maraykanku weli waa militariga ugu awoodda badan dunida. Kaydkiisa hubka caadiga ahna wuu ka badan yahay kan waddan kasta oo kale.
Si kastaba ha ahaatee, militariga Maraykanku weli wuxuu si weyn ugu tiirsan yahay hub sax ah oo la hago (precision-guided weapons) kuwaas oo qaali ah isla markaana lagu soo saaro tiro xaddidan. Waxaa la sheegay in Trump uu qorsheynayo kulan uu la yeesho shirkadaha qandaraaslayaasha difaaca dabayaaqada toddobaadkan si uu ugu cadaadiyo inay dedejiyaan wax-soo-saarka. Tani waxay muujinaysaa in xitaa awoodda Maraykanka mararka qaar la dareemi karo inay ku timaaddo culays.
Cadaadiska qaarkii ayaa laga yaabaa inuu yaraaday hadda maadaama Maraykanku uu haysto xorriyad ka badan oo uu ku fuliyo weerarro goobo u dhow.
Caine wuxuu sheegay in Maraykanku hore uga gudbay isticmaalka ""hubka stand-off"", kuwaas oo ah hub meelo fog gaara oo qaali ah oo horumarsan sida gantaallada Tomahawk cruise. Ciidanka Cirka ee Maraykanku hadda waxay isticmaalayaan hub ""stand-in"" ah oo ka jaban sida bambaanooyinka JDAM, kuwaas oo si toos ah looga soo tuuri karo hawada bartilmaameedka.
Mark Cancian, oo hore u ahaa kornayl ka tirsan Ciidanka Marines-ka Maraykanka isla markaana ka tirsan xarunta Center for Strategic and International Studies (CSIS) ee Washington, ayaa sheegay in, ka dib weerarkii ugu horreeyay ee meel fog laga fuliyay, Maraykanku ""hadda isticmaali karo gantaallo iyo bambaanooyin ka jaban"".
Wuxuu sidoo kale sheegay in Maraykanku uu sii wadi karo heerkaas dagaal ""ku dhowaad muddo aan xad lahayn"". Markasta oo dagaalku sii dheeraado, liiska bartilmaameedyaduna wuu sii yaraanayaa, taasoo keenaysa in si tartiib tartiib ah hoos ugu dhaco xawaaraha howlaha milatari.
Mark Cancian wuxuu sheegay in Maraykanku haysto tobannaan kun oo bambooyinka JDAM ah, balse nidaamyada difaaca hawada ee qaaliga ah ay aad uga yar yihiin. Marxaladaha hore ee khilaafka, nidaamyadan difaaca hawadu waxay ahaayeen kuwo aad muhiim u ah si loo joojiyo khatarta weerarrada aargudashada ee Iiraan.
Gantaallada Patriot ayaa baahi weyn loo qabay, ma aha oo kaliya Maraykanka, balse sidoo kale xulafadiisa Carabta iyo Ukraine. Gantaal kasta oo ka hortag loo adeegsado wuxuu ku kacaa in ka badan 4 milyan oo dollar waxaana la rumeysan yahay in Maraykanku hadda soo saaro qiyaastii 700 sanadkii. Haddii Iiraan weli awood u yeelato inay soo rido gantaallo ballistic ah, waxay si tartiib tartiib ah u yareyn doontaa kaydadkan xaddidan.
Khabiir ka tirsan Center for Strategic and International Studies oo lagu magacaabo Mark Cancian ayaa qiyaasaya in Mareykanku uu haysto kayd qiyaastii gaaraya 1,600 gantaal oo ah Patriot missile system, kuwaas oo maalmahan dambe laga yaabo in si weyn loo isticmaalay oo kaydku hoos u dhacay.
Cancian wuxuu sheegay in Maraykanku dagaalka hawada ee weerarrada ah uu sii wadi karo waqti dheer, balse dagaalka difaaca hawada (uu yahay mid aan hubanti la'aan a.
""Haddii Donald Trump uu oggolaado in la yareeyo tirada gantaallada Patriot ee kaydka ah, markaas waxaan u badan tahay inaan ka adkaan karno Iran, laakiin taasi waxay kordhin kartaa khatar haddii uu dhaco isku dhac ka dhaca gobolka Pacific.""
Xaqiiqda ah in Trump la qorsheeyay inuu toddobaadkan la kulmo shirkadaha difaaca ee Maraykanka waxay muujinaysaa in walaac laga qabo kaydka hubka uu jiro. Si kastaba ha ahaatee, Wasiirka Difaaca ee Maraykanka Pete Hegseth ayaa ku adkaystay in ""Iran aysanuga gacan sarrey karin dagaalka.""
© 2026 BBC. BBC masuul kama ahan macluumadka bogagga kale ee dibadda. Akhri xogta ku saabsan sida aan u abaarno bogagga dibadda.",crime-related
https://www.bbc.com/somali/articles/cz9qq0egpzno,"Itoobiya oo hirgelinaysa nidaam tijaabo booliis casri ah oo qaaradda ku cusub
Shaashadaha kombiyuutarka ayaa iftiimaya gudaha qolal yaryar oo kala qaybsan oo ku yaalla saldhig booliis oo cusub oo Itoobiya dhistay.
Ma jiro buuq ama qalalaase. Ma jiro miis hore oo adeegbixiye fadhiyo oo yaalla aafaafka hore, ma jiro kuraas ay ku sugaan dad rayid ah oo walwalsan, mana jiro askari kala horaya dadka adeeg bixinta u baahan.
Tani waa mashruuc tijaabo ah oo loo yaqaan ""saldhig booliis casri ah"" ama saldhig booliis oo aan askar joogto ah lahayn, kaas oo ku yaalla degmada Bole ee caasimadda Addis Ababa. Waa tallaabadii u danbeysay ee Itoobiya ku doonayso inay kula jaanqaaddo kacaanka dijitaalka ah.
Shaashad weyn oo darbiga ku dheggan ayaa soo bandhigaysa fariimo soodhaweyn ah iyo sawirrada Ra'iisul Wasaare Abiy Ahmed.
Laakiin hadda waxaa halkaas jooga askar xiran direes oo muujinaysa sida nidaamku u shaqeeyo, taas oo ka dhigaysa goobtu inay u ekaato bandhig tiknoolajiyadeed.
Saldhiggan oo dhowaan la furay, shaqaaluhu ""waxay joogaan si ay dadka uga caawiyaan inay la qabsadaan"", ayuu BBC-da u sheegay madaxa waaxda ballaadhinta tiknoolajiyadda ee booliiska, Taliye Demissie Yilma.
Gudaha qol yar, wuxuu taabtaa shaashadda isagoo muujinaya tallaabooyinka lagu sameeyo warbixin.
Demissie wuxuu doortaa nooca dhacdada dembi, warbixin gaadiid ama arrin guud wuxuu geliyaa faahfaahinta kadibna wuxuu riixaa badhan si uu u diro.
Warbixinada qotada dheer iyo wararka BBC Somali oo toos kuugu imanaaya WhatsApp.
Kadibna askari oo ah qof dhab ah oo jooga meel fog, ee aan ahayn barnaamij kombiyuutar – ayaa ka soo muuqda shaashadda oo bilaaba inuu su'aalo weydiiyo isla markaana qoro macluumaadka.
""Haddii ay dhibaato jirto, askartu si degdeg ah ayay uga jawaabaan waxayna roondo ka sameeyaan goobta uu soo sheegay qofka warbixinta bixiyay,"" ayuu yiri Demissie.
Toddobaadkiisii ugu horreeyay bishii hore, saldhigga booliiska casriga ah wuxuu helay kaliya saddex warbixin: baasaboorka qof lumay, kiis khiyaano maaliyadeed ah iyo cabasho caadi ah.
Laakiin Demissie wuxuu aaminsan yahay in tirada warbixinadu korodhi doonto marka dadka deegaanka ay ka war helaan.
""Adeegga booliiska mustaqbalka waa inuu u dhowaadaa muwaadiniinta,"" ayuu yidhi
Isticmaalka kombiyuutar si loola xidhiidho saraakiisha ayaa laga yaabaa inuu yareeyo xidhiidhka tooska ah ee dadka dhexdooda ah, balse masuuliyiintu waxay aaminsan yihiin in saldhiggan casriga ahi kordhin karo helitaanka adeegga booliiska meelaha aan askar ku filan laga helin si loo furo saldhig buuxa.
Markii mashruuca la daahfuray 9-kii Febraayo, ra'iisul wasaaraha ayaa warbaahinta dowladda u sheegay in ujeeddadu tahay in hay'adaha fulinta sharcigu noqdaan kuwo ""kartid leh oo tartan geli kara"", isagoo arrintan ku sheegay qayb ka mid ah dadaal ballaaran oo dib-u-habayn dijitaal ah.
Saldhigga booliiska casriga ahi waa qayb ka mid ah isbeddel weyn oo lagu doonayo in lagu beddelo sida muwaadiniintu ula macaamilaan dowladda.
Istaraatiijiyadda qaran ee la bilaabay sannadkii hore oo loo yaqaan Digital Ethiopia 2030 ayaa ah qorshaha dowladda ee dijitaalaynta adeegyada dadweynaha, laga bilaabo nidaamyada aqoonsiga iyo lacag-bixinta ilaa maxkamadaha iyo maamulka dowladda.
Saamiga dadka Itoobiya ee heli kara internet-ka weli waa mid hooseeya, taas oo sababtay in dalka uu ka dambeeyo qaar ka mid ah waddamada kale ee Afrika dhinaca isbeddelka dijitaalka.
Sidoo kale, colaado iyo qalalaase siyaasadeed oo sanadihii u dambeeyay dhacay ayaa sababay in marar badan internet-ka la damiyo.
Si kastaba ha ahaatee, iyadoo qaybta isgaarsiintu furantay, dalka ayaa bilaabay inuu qaato nidaamka lacag-bixinta dijitaalka ah ee taleefannada gacanta iyadoo lagu isticmaalayo birr-ta, oo ah lacagta dalka.
Dowladdu sidoo kale waxay hirgelisay nidaam aqoonsi dijitaal ah oo qaran waxayna adeegyo dowladeed oo badan ku soo bandhigtay internet-ka.
Taageerayaasha isbeddelladan waxay ku doodaan in tallaabooyinkani aad u daahnaayeen, gaar ahaan dalka oo leh koboc magaalo oo degdeg ah iyo dad badan oo da'yar ah.
Birhan Nega Cheru, oo ah injineer sare oo software-da ag kana shaqeeya Addis Ababa, wuxuu ku faraxsan yahay isbeddelkan.
""Marka ay si fiican u shaqeeyaan, waxay yareeyaan waraaqaha badan iyo safarrada xafiisyada,"" ayuu BBC-da u sheegay.
Laakiin wuxuu sidoo kale qirayaa in ay jiraan arrimo la xiriira amniga iyo asturnaanta, iyo khatar ah in ""dadka aan aqoon dijitaal lahayn si fudud loo khiyaameeyo"".
""Dadka magaalooyinka jooga, dhalinyarada, ganacsatada, kuwa haysta taleefannada casriga ah iyo xirfadaha – iyaga ayaa ugu faa'iido badan,"" ayuu yiri injineerku.
""Dadka waayeelka ah, bulshooyinka miyiga iyo dadka dakhliga hoose leh waxay halis ugu jiraan in laga tago.""
Tirooyinka ayaa taageeraya aragtidiisa.
Warbixin ay soo saartay hay'adda waxbarashada ee Qaramada Midoobay, Unesco, sannadkii hore ayaa lagu sheegay in 79% dadka dalka aysan ku xirnayn internet-ka.
Laakiin Zelalem Gizachew, oo ah falanqeeye siyaasadda tiknoolajiyadda, wuxuu ku doodaa in istaraatiijiyadda dowladda ay si tartiib ah u yareyneyso farqiga dijitaalka.
""Aqoonta dijitaalka ahi weli waa caqabad,"" ayuu yidhi. ""Taasi waa sababta istaraatiijiyadda Digital Ethiopia 2030 ay diiradda u saartay tababar iyo xirfado, ma aha tiknoolajiyad oo keliya.""
Wuxuu tilmaamay isbeddello la cabbiri karo oo dhacay shantii sano ee la soo dhaafay.
""Lacag-bixinta dijitaalka ahi si weyn ayay u kordheen, iyadoo tirilyano birr ah hadda lagu kala wareejiyo hababka elektarooniga ah. Helitaanka internet-ka xawaaraha sare leh si weyn ayuu u ballaadhay, in ka badan 130 adeeg dowladeedna waa la dijitaaleeyay.
""Kuwani waa maalgashi aasaasi ah,"" ayuu yiri Zelalem. ""Ma suurtagalayso in adeegyada dadweynaha la casriyeeyo haddii aan la helin kaabayaal, siyaasado iyo xirfado.""
Hadda, saldhigga booliiska casriga ahi weli waa mashruuc tijaabo ah.
Waxa uu ku shaqeeyaa deegaan la xakameeyay oo askartu ku hagayaan dadka isticmaala nidaam wali baranaya sida uu u shaqeeyo. Saldhigyada dhaqameedna wali way shaqeeyaan, dadka badankoodna weli waxay ku tiirsan yihiin inay si toos ah u tagaan booliiska si ay warbixin u bixiyaan.
In qaabkani sii ballaadho waxay ku xirnaan doontaa in dadku ay doortaan inay isticmaalaan marka uusan jirin qof u sharxaya shaashadaha.
Sidaas darteed, qolkaas aamusan ee Bole ma aha mashruuc dhammaystiran. Waa tijaabo – iyo daaqad yar oo muujinaysa sida himilooyinka dijitaalka ee Itoobiya ay ugu muuqan karaan nolosha maalinlaha ah.
© 2026 BBC. BBC masuul kama ahan macluumadka bogagga kale ee dibadda. Akhri xogta ku saabsan sida aan u abaarno bogagga dibadda.",crime-related
